Workbook

Sheet Sheet1
A1: ნაკვეთის კოდი | B1: ნაკვეთის ფართობი (მ2) | C1: მიწის 1მ2 ფასი | D1: მიწის ღირებულება $ | E1: სახლის სტილი | F1: სახლის ფართი (მ2) | G1: ობიექტის რეალიზაციის ფასი 1 მ2 $ | H1: საინვესტიცო ღირებულება | I1: ბეი - რეზერვი $ | J1: პირველი შენატანი 10% | K1: პოსტ-ჰენდოვერი (20%) | L1: ყოველთვიური (36 თვე) | M1: სააქციო შეთავაზება 8% გარანტირებული უკუგება 2 წელი | N1: დღიური ქირის ფასი ($) | O1: პასიური წლიური 45% დათვირთვით შემოსავალი | P1: პესიმისტური Rental ROI % | Q1: პესიმისტური უკუგება (წელი)
A2: LA-1 | B2: 702.4 | C2: 120 | D2: =C2*B2 -> 84288 | E2: Modern Flat-Roof | F2: 145 | G2: 2000 | H2: =G2*F2+D2 -> 374288 | I2: 5000 | J2: =(H2*0.1)-I2 -> 32428.8 | K2: =H2*0.2 -> 74857.6 | L2: =(H2-I2-J2-K2)/36 -> 7277.8222 | M2: =(H2*0.08)/12 -> 2495.2533 | N2: 400 | O2: =(N2*365*0.45)*0.6 -> 39420 | P2: =(O2/H2)*100 -> 10.531997 | Q2: =H2/O2 -> 9.4948757
A3: LA-3 | B3: 683.2 | C3: 120 | D3: =C3*B3 -> 81984 | E3: Modern Flat-Roof | F3: 145 | G3: 2000 | H3: =G3*F3+D3 -> 371984 | I3: 5000 | J3: =(H3*0.1)-I3 -> 32198.4 | K3: =H3*0.2 -> 74396.8 | L3: =(H3-I3-J3-K3)/36 -> 7233.0222 | M3: =(H3*0.08)/12 -> 2479.8933 | N3: 400 | O3: =(N3*365*0.45)*0.6 -> 39420 | P3: =(O3/H3)*100 -> 10.59723 | Q3: =H3/O3 -> 9.4364282
A4: LA-5 | B4: 652.7 | C4: 120 | D4: =C4*B4 -> 78324 | E4: Modern Flat-Roof | F4: 145 | G4: 2000 | H4: =G4*F4+D4 -> 368324 | I4: 5000 | J4: =(H4*0.1)-I4 -> 31832.4 | K4: =H4*0.2 -> 73664.8 | L4: =(H4-I4-J4-K4)/36 -> 7161.8556 | M4: =(H4*0.08)/12 -> 2455.4933 | N4: 400 | O4: =(N4*365*0.45)*0.6 -> 39420 | P4: =(O4/H4)*100 -> 10.702534 | Q4: =H4/O4 -> 9.3435819
A5: LA-7 | B5: 558.9 | C5: 120 | D5: =C5*B5 -> 67068 | E5: Barnhouse | F5: 115 | G5: 2000 | H5: =G5*F5+D5 -> 297068 | I5: 5000 | J5: =(H5*0.1)-I5 -> 24706.8 | K5: =H5*0.2 -> 59413.6 | L5: =(H5-I5-J5-K5)/36 -> 5776.3222 | N5: 300 | O5: =(N5*365*0.45)*0.6 -> 29565 | P5: =(O5/H5)*100 -> 9.9522668 | Q5: =H5/O5 -> 10.047962
A6: LA-9 | B6: 561.5 | C6: 120 | D6: =C6*B6 -> 67380 | E6: Barnhouse | F6: 115 | G6: 2000 | H6: =G6*F6+D6 -> 297380 | I6: 5000 | J6: =(H6*0.1)-I6 -> 24738 | K6: =H6*0.2 -> 59476 | L6: =(H6-I6-J6-K6)/36 -> 5782.3889 | N6: 300 | O6: =(N6*365*0.45)*0.6 -> 29565 | P6: =(O6/H6)*100 -> 9.9418253 | Q6: =H6/O6 -> 10.058515
A7: LA-11 | B7: 740.3 | C7: 120 | D7: =C7*B7 -> 88836 | E7: Modern Flat-Roof | F7: 145 | G7: 2000 | H7: =G7*F7+D7 -> 378836 | I7: 5000 | J7: =(H7*0.1)-I7 -> 32883.6 | K7: =H7*0.2 -> 75767.2 | L7: =(H7-I7-J7-K7)/36 -> 7366.2556 | M7: =(H7*0.08)/12 -> 2525.5733 | N7: 400 | O7: =(N7*365*0.45)*0.6 -> 39420 | P7: =(O7/H7)*100 -> 10.405558 | Q7: =H7/O7 -> 9.6102486
A8: LA-13 | B8: 953.6 | C8: 120 | D8: =C8*B8 -> 114432 | E8: Modern Flat-Roof | F8: 145 | G8: 2000 | H8: =G8*F8+D8 -> 404432 | I8: 5000 | J8: =(H8*0.1)-I8 -> 35443.2 | K8: =H8*0.2 -> 80886.4 | L8: =(H8-I8-J8-K8)/36 -> 7863.9556 | M8: =(H8*0.08)/12 -> 2696.2133 | N8: 400 | O8: =(N8*365*0.45)*0.6 -> 39420 | P8: =(O8/H8)*100 -> 9.7470032 | Q8: =H8/O8 -> 10.259564
A9: LA-15 | B9: 1084.1 | C9: 120 | D9: =C9*B9 -> 130092 | E9: Modern Flat-Roof | F9: 145 | G9: 2000 | H9: =G9*F9+D9 -> 420092 | I9: 5000 | J9: =(H9*0.1)-I9 -> 37009.2 | K9: =H9*0.2 -> 84018.4 | L9: =(H9-I9-J9-K9)/36 -> 8168.4556 | M9: =(H9*0.08)/12 -> 2800.6133 | N9: 400 | O9: =(N9*365*0.45)*0.6 -> 39420 | P9: =(O9/H9)*100 -> 9.3836588 | Q9: =H9/O9 -> 10.656824
A10: LA-17 | B10: 503.7 | C10: 120 | D10: =C10*B10 -> 60444 | E10: Barnhouse | F10: 115 | G10: 2000 | H10: =G10*F10+D10 -> 290444 | I10: 5000 | J10: =(H10*0.1)-I10 -> 24044.4 | K10: =H10*0.2 -> 58088.8 | L10: =(H10-I10-J10-K10)/36 -> 5647.5222 | N10: 300 | O10: =(N10*365*0.45)*0.6 -> 29565 | P10: =(O10/H10)*100 -> 10.179243 | Q10: =H10/O10 -> 9.8239134
A11: LA-19 | B11: 413.4 | C11: 120 | D11: =C11*B11 -> 49608 | E11: Barnhouse | F11: 85 | G11: 2000 | H11: =G11*F11+D11 -> 219608 | I11: 5000 | J11: =(H11*0.1)-I11 -> 16960.8 | K11: =H11*0.2 -> 43921.6 | L11: =(H11-I11-J11-K11)/36 -> 4270.1556 | N11: 250 | O11: =(N11*365*0.45)*0.6 -> 24637.5 | P11: =(O11/H11)*100 -> 11.218854 | Q11: =H11/O11 -> 8.9135667
A12: LA-21 | B12: 393 | C12: 120 | D12: =C12*B12 -> 47160 | E12: Barnhouse | F12: 85 | G12: 2000 | H12: =G12*F12+D12 -> 217160 | I12: 5000 | J12: =(H12*0.1)-I12 -> 16716 | K12: =H12*0.2 -> 43432 | L12: =(H12-I12-J12-K12)/36 -> 4222.5556 | N12: 250 | O12: =(N12*365*0.45)*0.6 -> 24637.5 | P12: =(O12/H12)*100 -> 11.345321 | Q12: =H12/O12 -> 8.814206
A13: LA-23 | B13: 404.7 | C13: 120 | D13: =C13*B13 -> 48564 | E13: Barnhouse | F13: 85 | G13: 2000 | H13: =G13*F13+D13 -> 218564 | I13: 5000 | J13: =(H13*0.1)-I13 -> 16856.4 | K13: =H13*0.2 -> 43712.8 | L13: =(H13-I13-J13-K13)/36 -> 4249.8556 | N13: 250 | O13: =(N13*365*0.45)*0.6 -> 24637.5 | P13: =(O13/H13)*100 -> 11.272442 | Q13: =H13/O13 -> 8.8711923
A14: LA-25 | B14: 485.3 | C14: 120 | D14: =C14*B14 -> 58236 | E14: Barnhouse | F14: 115 | G14: 2000 | H14: =G14*F14+D14 -> 288236 | I14: 5000 | J14: =(H14*0.1)-I14 -> 23823.6 | K14: =H14*0.2 -> 57647.2 | L14: =(H14-I14-J14-K14)/36 -> 5604.5889 | N14: 300 | O14: =(N14*365*0.45)*0.6 -> 29565 | P14: =(O14/H14)*100 -> 10.25722 | Q14: =H14/O14 -> 9.7492305
A15: LA-27 | B15: 479.7 | C15: 120 | D15: =C15*B15 -> 57564 | E15: Barnhouse | F15: 115 | G15: 2000 | H15: =G15*F15+D15 -> 287564 | I15: 5000 | J15: =(H15*0.1)-I15 -> 23756.4 | K15: =H15*0.2 -> 57512.8 | L15: =(H15-I15-J15-K15)/36 -> 5591.5222 | N15: 300 | O15: =(N15*365*0.45)*0.6 -> 29565 | P15: =(O15/H15)*100 -> 10.28119 | Q15: =H15/O15 -> 9.7265009
A16: LA-29 | B16: 652.9 | C16: 120 | D16: =C16*B16 -> 78348 | E16: Modern Flat-Roof | F16: 145 | G16: 2000 | H16: =G16*F16+D16 -> 368348 | I16: 5000 | J16: =(H16*0.1)-I16 -> 31834.8 | K16: =H16*0.2 -> 73669.6 | L16: =(H16-I16-J16-K16)/36 -> 7162.3222 | M16: =(H16*0.08)/12 -> 2455.6533 | N16: 400 | O16: =(N16*365*0.45)*0.6 -> 39420 | P16: =(O16/H16)*100 -> 10.701836 | Q16: =H16/O16 -> 9.3441908
A17: LA-31 | B17: 513.9 | C17: 120 | D17: =C17*B17 -> 61668 | E17: Barnhouse | F17: 115 | G17: 2000 | H17: =G17*F17+D17 -> 291668 | I17: 5000 | J17: =(H17*0.1)-I17 -> 24166.8 | K17: =H17*0.2 -> 58333.6 | L17: =(H17-I17-J17-K17)/36 -> 5671.3222 | N17: 300 | O17: =(N17*365*0.45)*0.6 -> 29565 | P17: =(O17/H17)*100 -> 10.136525 | Q17: =H17/O17 -> 9.8653137
A18: LA-33 | B18: 451.8 | C18: 120 | D18: =C18*B18 -> 54216 | E18: Barnhouse | F18: 115 | G18: 2000 | H18: =G18*F18+D18 -> 284216 | I18: 5000 | J18: =(H18*0.1)-I18 -> 23421.6 | K18: =H18*0.2 -> 56843.2 | L18: =(H18-I18-J18-K18)/36 -> 5526.4222 | N18: 300 | O18: =(N18*365*0.45)*0.6 -> 29565 | P18: =(O18/H18)*100 -> 10.4023 | Q18: =H18/O18 -> 9.6132589
A19: LA-35 | B19: 509 | C19: 120 | D19: =C19*B19 -> 61080 | E19: Barnhouse | F19: 115 | G19: 2000 | H19: =G19*F19+D19 -> 291080 | I19: 5000 | J19: =(H19*0.1)-I19 -> 24108 | K19: =H19*0.2 -> 58216 | L19: =(H19-I19-J19-K19)/36 -> 5659.8889 | N19: 300 | O19: =(N19*365*0.45)*0.6 -> 29565 | P19: =(O19/H19)*100 -> 10.157002 | Q19: =H19/O19 -> 9.8454253
A20: LA-37 | B20: 464.4 | C20: 120 | D20: =C20*B20 -> 55728 | E20: Barnhouse | F20: 115 | G20: 2000 | H20: =G20*F20+D20 -> 285728 | I20: 5000 | J20: =(H20*0.1)-I20 -> 23572.8 | K20: =H20*0.2 -> 57145.6 | L20: =(H20-I20-J20-K20)/36 -> 5555.8222 | N20: 300 | O20: =(N20*365*0.45)*0.6 -> 29565 | P20: =(O20/H20)*100 -> 10.347253 | Q20: =H20/O20 -> 9.6644005
A21: LA-39 | B21: 425.4 | C21: 120 | D21: =C21*B21 -> 51048 | E21: Barnhouse | F21: 85 | G21: 2000 | H21: =G21*F21+D21 -> 221048 | I21: 5000 | J21: =(H21*0.1)-I21 -> 17104.8 | K21: =H21*0.2 -> 44209.6 | L21: =(H21-I21-J21-K21)/36 -> 4298.1556 | N21: 250 | O21: =(N21*365*0.45)*0.6 -> 24637.5 | P21: =(O21/H21)*100 -> 11.145769 | Q21: =H21/O21 -> 8.9720142
A22: LA-41 | B22: 309 | C22: 120 | D22: =C22*B22 -> 37080 | E22: A-Frame | F22: 85 | G22: 2000 | H22: =G22*F22+D22 -> 207080 | I22: 5000 | J22: =(H22*0.1)-I22 -> 15708 | K22: =H22*0.2 -> 41416 | L22: =(H22-I22-J22-K22)/36 -> 4026.5556 | N22: 200 | O22: =(N22*365*0.45)*0.6 -> 19710 | P22: =(O22/H22)*100 -> 9.5180607 | Q22: =H22/O22 -> 10.506342
A23: LA-43 | B23: 470.5 | C23: 120 | D23: =C23*B23 -> 56460 | E23: Barnhouse | F23: 115 | G23: 2000 | H23: =G23*F23+D23 -> 286460 | I23: 5000 | J23: =(H23*0.1)-I23 -> 23646 | K23: =H23*0.2 -> 57292 | L23: =(H23-I23-J23-K23)/36 -> 5570.0556 | N23: 300 | O23: =(N23*365*0.45)*0.6 -> 29565 | P23: =(O23/H23)*100 -> 10.320813 | Q23: =H23/O23 -> 9.6891595
A24: LA-45 | B24: 628.6 | C24: 120 | D24: =C24*B24 -> 75432 | E24: Modern Flat-Roof | F24: 145 | G24: 2000 | H24: =G24*F24+D24 -> 365432 | I24: 5000 | J24: =(H24*0.1)-I24 -> 31543.2 | K24: =H24*0.2 -> 73086.4 | L24: =(H24-I24-J24-K24)/36 -> 7105.6222 | M24: =(H24*0.08)/12 -> 2436.2133 | N24: 300 | O24: =(N24*365*0.45)*0.6 -> 29565 | P24: =(O24/H24)*100 -> 8.0904245 | Q24: =H24/O24 -> 12.360291
A25: LA-47 | B25: 652.1 | C25: 120 | D25: =C25*B25 -> 78252 | E25: Modern Flat-Roof | F25: 145 | G25: 2000 | H25: =G25*F25+D25 -> 368252 | I25: 5000 | J25: =(H25*0.1)-I25 -> 31825.2 | K25: =H25*0.2 -> 73650.4 | L25: =(H25-I25-J25-K25)/36 -> 7160.4556 | M25: =(H25*0.08)/12 -> 2455.0133 | N25: 400 | O25: =(N25*365*0.45)*0.6 -> 39420 | P25: =(O25/H25)*100 -> 10.704626 | Q25: =H25/O25 -> 9.3417555
A26: LA-49 | B26: 584.2 | C26: 120 | D26: =C26*B26 -> 70104 | E26: Barnhouse | F26: 115 | G26: 2000 | H26: =G26*F26+D26 -> 300104 | I26: 5000 | J26: =(H26*0.1)-I26 -> 25010.4 | K26: =H26*0.2 -> 60020.8 | L26: =(H26-I26-J26-K26)/36 -> 5835.3556 | N26: 300 | O26: =(N26*365*0.45)*0.6 -> 29565 | P26: =(O26/H26)*100 -> 9.8515848 | Q26: =H26/O26 -> 10.150651
A27: LA-51 | B27: 443.3 | C27: 120 | D27: =C27*B27 -> 53196 | E27: Barnhouse | F27: 85 | G27: 2000 | H27: =G27*F27+D27 -> 223196 | I27: 5000 | J27: =(H27*0.1)-I27 -> 17319.6 | K27: =H27*0.2 -> 44639.2 | L27: =(H27-I27-J27-K27)/36 -> 4339.9222 | N27: 250 | O27: =(N27*365*0.45)*0.6 -> 24637.5 | P27: =(O27/H27)*100 -> 11.038504 | Q27: =H27/O27 -> 9.0591984
A28: LA-53 | B28: 348.6 | C28: 120 | D28: =C28*B28 -> 41832 | E28: A-Frame | F28: 85 | G28: 2000 | H28: =G28*F28+D28 -> 211832 | I28: 5000 | J28: =(H28*0.1)-I28 -> 16183.2 | K28: =H28*0.2 -> 42366.4 | L28: =(H28-I28-J28-K28)/36 -> 4118.9556 | N28: 200 | O28: =(N28*365*0.45)*0.6 -> 19710 | P28: =(O28/H28)*100 -> 9.3045432 | Q28: =H28/O28 -> 10.747438
A29: LA-55 | B29: 298 | C29: 120 | D29: =C29*B29 -> 35760 | E29: A-Frame | F29: 85 | G29: 2000 | H29: =G29*F29+D29 -> 205760 | I29: 5000 | J29: =(H29*0.1)-I29 -> 15576 | K29: =H29*0.2 -> 41152 | L29: =(H29-I29-J29-K29)/36 -> 4000.8889 | N29: 200 | O29: =(N29*365*0.45)*0.6 -> 19710 | P29: =(O29/H29)*100 -> 9.5791213 | Q29: =H29/O29 -> 10.439371
A30: LA-57 | B30: 366 | C30: 120 | D30: =C30*B30 -> 43920 | E30: Barnhouse | F30: 85 | G30: 2000 | H30: =G30*F30+D30 -> 213920 | I30: 5000 | J30: =(H30*0.1)-I30 -> 16392 | K30: =H30*0.2 -> 42784 | L30: =(H30-I30-J30-K30)/36 -> 4159.5556 | N30: 250 | O30: =(N30*365*0.45)*0.6 -> 24637.5 | P30: =(O30/H30)*100 -> 11.517156 | Q30: =H30/O30 -> 8.6826991
A31: LA-59 | B31: 369.6 | C31: 120 | D31: =C31*B31 -> 44352 | E31: Barnhouse | F31: 85 | G31: 2000 | H31: =G31*F31+D31 -> 214352 | I31: 5000 | J31: =(H31*0.1)-I31 -> 16435.2 | K31: =H31*0.2 -> 42870.4 | L31: =(H31-I31-J31-K31)/36 -> 4167.9556 | N31: 250 | O31: =(N31*365*0.45)*0.6 -> 24637.5 | P31: =(O31/H31)*100 -> 11.493945 | Q31: =H31/O31 -> 8.7002334
A32: LA-61 | B32: 385.3 | C32: 120 | D32: =C32*B32 -> 46236 | E32: Barnhouse | F32: 85 | G32: 2000 | H32: =G32*F32+D32 -> 216236 | I32: 5000 | J32: =(H32*0.1)-I32 -> 16623.6 | K32: =H32*0.2 -> 43247.2 | L32: =(H32-I32-J32-K32)/36 -> 4204.5889 | N32: 250 | O32: =(N32*365*0.45)*0.6 -> 24637.5 | P32: =(O32/H32)*100 -> 11.393801 | Q32: =H32/O32 -> 8.7767022
A33: LA-63 | B33: 381.8 | C33: 120 | D33: =C33*B33 -> 45816 | E33: Barnhouse | F33: 85 | G33: 2000 | H33: =G33*F33+D33 -> 215816 | I33: 5000 | J33: =(H33*0.1)-I33 -> 16581.6 | K33: =H33*0.2 -> 43163.2 | L33: =(H33-I33-J33-K33)/36 -> 4196.4222 | N33: 250 | O33: =(N33*365*0.45)*0.6 -> 24637.5 | P33: =(O33/H33)*100 -> 11.415975 | Q33: =H33/O33 -> 8.759655
A34: LA-65 | B34: 336.7 | C34: 120 | D34: =C34*B34 -> 40404 | E34: A-Frame | F34: 85 | G34: 2000 | H34: =G34*F34+D34 -> 210404 | I34: 5000 | J34: =(H34*0.1)-I34 -> 16040.4 | K34: =H34*0.2 -> 42080.8 | L34: =(H34-I34-J34-K34)/36 -> 4091.1889 | N34: 250 | O34: =(N34*365*0.45)*0.6 -> 24637.5 | P34: =(O34/H34)*100 -> 11.709616 | Q34: =H34/O34 -> 8.5399899
A35: LA-67 | B35: 360.1 | C35: 120 | D35: =C35*B35 -> 43212 | E35: Barnhouse | F35: 85 | G35: 2000 | H35: =G35*F35+D35 -> 213212 | I35: 5000 | J35: =(H35*0.1)-I35 -> 16321.2 | K35: =H35*0.2 -> 42642.4 | L35: =(H35-I35-J35-K35)/36 -> 4145.7889 | N35: 250 | O35: =(N35*365*0.45)*0.6 -> 24637.5 | P35: =(O35/H35)*100 -> 11.5554 | Q35: =H35/O35 -> 8.6539625
A36: LA-69 | B36: 325.3 | C36: 120 | D36: =C36*B36 -> 39036 | E36: A-Frame | F36: 85 | G36: 2000 | H36: =G36*F36+D36 -> 209036 | I36: 5000 | J36: =(H36*0.1)-I36 -> 15903.6 | K36: =H36*0.2 -> 41807.2 | L36: =(H36-I36-J36-K36)/36 -> 4064.5889 | N36: 250 | O36: =(N36*365*0.45)*0.6 -> 24637.5 | P36: =(O36/H36)*100 -> 11.786247 | Q36: =H36/O36 -> 8.4844647
A37: LA-71 | B37: 335.4 | C37: 120 | D37: =C37*B37 -> 40248 | E37: A-Frame | F37: 85 | G37: 2000 | H37: =G37*F37+D37 -> 210248 | I37: 5000 | J37: =(H37*0.1)-I37 -> 16024.8 | K37: =H37*0.2 -> 42049.6 | L37: =(H37-I37-J37-K37)/36 -> 4088.1556 | N37: 250 | O37: =(N37*365*0.45)*0.6 -> 24637.5 | P37: =(O37/H37)*100 -> 11.718304 | Q37: =H37/O37 -> 8.533658
... A43: LA-83 | B43: 353.5 | C43: 120 | D43: =C43*B43 -> 42420 | E43: Barnhouse | F43: 85 | G43: 2000 | H43: =G43*F43+D43 -> 212420 | I43: 5000 | J43: =(H43*0.1)-I43 -> 16242 | K43: =H43*0.2 -> 42484 | L43: =(H43-I43-J43-K43)/36 -> 4130.3889 | N43: 250 | O43: =(N43*365*0.45)*0.6 -> 24637.5 | P43: =(O43/H43)*100 -> 11.598484 | Q43: =H43/O43 -> 8.6218163
A44: LA-85 | B44: 626.5 | C44: 120 | D44: =C44*B44 -> 75180 | E44: Barnhouse | F44: 145 | G44: 2000 | H44: =G44*F44+D44 -> 365180 | I44: 5000 | J44: =(H44*0.1)-I44 -> 31518 | K44: =H44*0.2 -> 73036 | L44: =(H44-I44-J44-K44)/36 -> 7100.7222 | M44: =(H44*0.08)/12 -> 2434.5333 | N44: 400 | O44: =(N44*365*0.45)*0.6 -> 39420 | P44: =(O44/H44)*100 -> 10.794677 | Q44: =H44/O44 -> 9.2638255
A45: LA-87 | B45: 721.9 | C45: 120 | D45: =C45*B45 -> 86628 | E45: Modern Flat-Roof | F45: 145 | G45: 2000 | H45: =G45*F45+D45 -> 376628 | I45: 5000 | J45: =(H45*0.1)-I45 -> 32662.8 | K45: =H45*0.2 -> 75325.6 | L45: =(H45-I45-J45-K45)/36 -> 7323.3222 | M45: =(H45*0.08)/12 -> 2510.8533 | N45: 400 | O45: =(N45*365*0.45)*0.6 -> 39420 | P45: =(O45/H45)*100 -> 10.466561 | Q45: =H45/O45 -> 9.5542364
A46: LA-89 | B46: 789.1 | C46: 120 | D46: =C46*B46 -> 94692 | E46: Modern Flat-Roof | F46: 145 | G46: 2000 | H46: =G46*F46+D46 -> 384692 | I46: 5000 | J46: =(H46*0.1)-I46 -> 33469.2 | K46: =H46*0.2 -> 76938.4 | L46: =(H46-I46-J46-K46)/36 -> 7480.1222 | M46: =(H46*0.08)/12 -> 2564.6133 | N46: 400 | O46: =(N46*365*0.45)*0.6 -> 39420 | P46: =(O46/H46)*100 -> 10.247159 | Q46: =H46/O46 -> 9.7588026
A47: LA-91 | B47: 918.3 | C47: 120 | D47: =C47*B47 -> 110196 | E47: Modern Flat-Roof | F47: 145 | G47: 2000 | H47: =G47*F47+D47 -> 400196 | I47: 5000 | J47: =(H47*0.1)-I47 -> 35019.6 | K47: =H47*0.2 -> 80039.2 | L47: =(H47-I47-J47-K47)/36 -> 7781.5889 | M47: =(H47*0.08)/12 -> 2667.9733 | N47: 400 | O47: =(N47*365*0.45)*0.6 -> 39420 | P47: =(O47/H47)*100 -> 9.8501734 | Q47: =H47/O47 -> 10.152106
A48: LA-93 | B48: 744.7 | C48: 120 | D48: =C48*B48 -> 89364 | E48: Modern Flat-Roof | F48: 145 | G48: 2000 | H48: =G48*F48+D48 -> 379364 | I48: 5000 | J48: =(H48*0.1)-I48 -> 32936.4 | K48: =H48*0.2 -> 75872.8 | L48: =(H48-I48-J48-K48)/36 -> 7376.5222 | M48: =(H48*0.08)/12 -> 2529.0933 | N48: 400 | O48: =(N48*365*0.45)*0.6 -> 39420 | P48: =(O48/H48)*100 -> 10.391076 | Q48: =H48/O48 -> 9.6236428
A49: LA-95 | B49: 751.9 | C49: 120 | D49: =C49*B49 -> 90228 | E49: Modern Flat-Roof | F49: 145 | G49: 2000 | H49: =G49*F49+D49 -> 380228 | I49: 5000 | J49: =(H49*0.1)-I49 -> 33022.8 | K49: =H49*0.2 -> 76045.6 | L49: =(H49-I49-J49-K49)/36 -> 7393.3222 | M49: =(H49*0.08)/12 -> 2534.8533 | N49: 400 | O49: =(N49*365*0.45)*0.6 -> 39420 | P49: =(O49/H49)*100 -> 10.367464 | Q49: =H49/O49 -> 9.6455606
A51: კანიონის პირის მეორე ზოლი
A52: ნაკვეთის კოდი | B52: ნაკვეთის ფართობი (მ2) | C52: მიწის 1მ2 ფასი | D52: მიწის ღირებულება $ | E52: სახლის სტილი | F52: სახლის ფართი (მ2) | G52: ობიექტის რეალიზაციის ფასი 1 მ2 $ | H52: საინვესტიცო ღირებულება | I52: ბეი - რეზერვი $ | J52: პირველი შენატანი 10% | K52: პოსტ-ჰენდოვერი (20%) | L52: ყოველთვიური (36 თვე) | M52: სააქციო შეთავაზება 8% გარანტირებული უკუგება 2 წელი | N52: დღიური ქირის ფასი ($) | O52: პასიური წლიური 45% დათვირთვით შემოსავალი | P52: პესიმისტური Rental ROI % | Q52: პესიმისტური უკუგება (წელი)
A53: LA-2 | B53: 654.9 | C53: 100 | D53: =C53*B53 -> 65490 | E53: Barn_145 | F53: 145 | G53: 2000 | H53: =G53*F53+D53 -> 355490 | I53: 5000 | J53: =(H53*0.1)-I53 -> 30549 | K53: =H53*0.2 -> 71098 | L53: =(H53-I53-J53-K53)/36 -> 6912.3056 | M53: =(H53*0.08)/12 -> 2369.9333 | N53: 350 | O53: =(N53*365*0.45)*0.6 -> 34492.5 | P53: =(O53/H53)*100 -> 9.7028046 | Q53: =H53/O53 -> 10.306298
A54: LA-4 | B54: 392.4 | C54: 100 | D54: =C54*B54 -> 39240 | E54: Barn_85 | F54: 85 | G54: 2000 | H54: =G54*F54+D54 -> 209240 | I54: 5000 | J54: =(H54*0.1)-I54 -> 15924 | K54: =H54*0.2 -> 41848 | L54: =(H54-I54-J54-K54)/36 -> 4068.5556 | N54: 200 | O54: =(N54*365*0.45)*0.6 -> 19710 | P54: =(O54/H54)*100 -> 9.419805 | Q54: =H54/O54 -> 10.615931
A55: LA-6 | B55: 491.7 | C55: 100 | D55: =C55*B55 -> 49170 | E55: Barn_115 | F55: 115 | G55: 2000 | H55: =G55*F55+D55 -> 279170 | I55: 5000 | J55: =(H55*0.1)-I55 -> 22917 | K55: =H55*0.2 -> 55834 | L55: =(H55-I55-J55-K55)/36 -> 5428.3056 | N55: 250 | O55: =(N55*365*0.45)*0.6 -> 24637.5 | P55: =(O55/H55)*100 -> 8.8252678 | Q55: =H55/O55 -> 11.331101
A56: LA-8 | B56: 557.8 | C56: 100 | D56: =C56*B56 -> 55780 | E56: Barn_115 | F56: 115 | G56: 2000 | H56: =G56*F56+D56 -> 285780 | I56: 5000 | J56: =(H56*0.1)-I56 -> 23578 | K56: =H56*0.2 -> 57156 | L56: =(H56-I56-J56-K56)/36 -> 5556.8333 | N56: 250 | O56: =(N56*365*0.45)*0.6 -> 24637.5 | P56: =(O56/H56)*100 -> 8.6211421 | Q56: =H56/O56 -> 11.599391
A57: LA-10 | B57: 591.5 | C57: 100 | D57: =C57*B57 -> 59150 | E57: Barn_115 | F57: 115 | G57: 2000 | H57: =G57*F57+D57 -> 289150 | I57: 5000 | J57: =(H57*0.1)-I57 -> 23915 | K57: =H57*0.2 -> 57830 | L57: =(H57-I57-J57-K57)/36 -> 5622.3611 | N57: 250 | O57: =(N57*365*0.45)*0.6 -> 24637.5 | P57: =(O57/H57)*100 -> 8.520664 | Q57: =H57/O57 -> 11.736175
A58: LA-12 | B58: 608.4 | C58: 100 | D58: =C58*B58 -> 60840 | E58: Barn_115 | F58: 115 | G58: 2000 | H58: =G58*F58+D58 -> 290840 | I58: 5000 | J58: =(H58*0.1)-I58 -> 24084 | K58: =H58*0.2 -> 58168 | L58: =(H58-I58-J58-K58)/36 -> 5655.2222 | M58: =(H58*0.08)/12 -> 1938.9333 | N58: 250 | O58: =(N58*365*0.45)*0.6 -> 24637.5 | P58: =(O58/H58)*100 -> 8.4711525 | Q58: =H58/O58 -> 11.804769
A59: LA-14 | B59: 609.8 | C59: 100 | D59: =C59*B59 -> 60980 | E59: Barn_115 | F59: 115 | G59: 2000 | H59: =G59*F59+D59 -> 290980 | I59: 5000 | J59: =(H59*0.1)-I59 -> 24098 | K59: =H59*0.2 -> 58196 | L59: =(H59-I59-J59-K59)/36 -> 5657.9444 | M59: =(H59*0.08)/12 -> 1939.8667 | N59: 250 | O59: =(N59*365*0.45)*0.6 -> 24637.5 | P59: =(O59/H59)*100 -> 8.4670768 | Q59: =H59/O59 -> 11.810452
A60: LA-16 | B60: 580.2 | C60: 100 | D60: =C60*B60 -> 58020 | E60: Barn_115 | F60: 115 | G60: 2000 | H60: =G60*F60+D60 -> 288020 | I60: 5000 | J60: =(H60*0.1)-I60 -> 23802 | K60: =H60*0.2 -> 57604 | L60: =(H60-I60-J60-K60)/36 -> 5600.3889 | N60: 250 | O60: =(N60*365*0.45)*0.6 -> 24637.5 | P60: =(O60/H60)*100 -> 8.5540935 | Q60: =H60/O60 -> 11.690309
A61: LA-18 | B61: 567.2 | C61: 100 | D61: =C61*B61 -> 56720 | E61: Barn_115 | F61: 115 | G61: 2000 | H61: =G61*F61+D61 -> 286720 | I61: 5000 | J61: =(H61*0.1)-I61 -> 23672 | K61: =H61*0.2 -> 57344 | L61: =(H61-I61-J61-K61)/36 -> 5575.1111 | N61: 250 | O61: =(N61*365*0.45)*0.6 -> 24637.5 | P61: =(O61/H61)*100 -> 8.5928781 | Q61: =H61/O61 -> 11.637544
A62: LA-20 | B62: 548 | C62: 100 | D62: =C62*B62 -> 54800 | E62: Barn_115 | F62: 115 | G62: 2000 | H62: =G62*F62+D62 -> 284800 | I62: 5000 | J62: =(H62*0.1)-I62 -> 23480 | K62: =H62*0.2 -> 56960 | L62: =(H62-I62-J62-K62)/36 -> 5537.7778 | N62: 250 | O62: =(N62*365*0.45)*0.6 -> 24637.5 | P62: =(O62/H62)*100 -> 8.6508076 | Q62: =H62/O62 -> 11.559614
A63: LA-22 | B63: 511.9 | C63: 100 | D63: =C63*B63 -> 51190 | E63: Barn_115 | F63: 115 | G63: 2000 | H63: =G63*F63+D63 -> 281190 | I63: 5000 | J63: =(H63*0.1)-I63 -> 23119 | K63: =H63*0.2 -> 56238 | L63: =(H63-I63-J63-K63)/36 -> 5467.5833 | N63: 250 | O63: =(N63*365*0.45)*0.6 -> 24637.5 | P63: =(O63/H63)*100 -> 8.7618692 | Q63: =H63/O63 -> 11.41309
A64: LA-24 | B64: 457.2 | C64: 100 | D64: =C64*B64 -> 45720 | E64: Barn_115 | F64: 115 | G64: 2000 | H64: =G64*F64+D64 -> 275720 | I64: 5000 | J64: =(H64*0.1)-I64 -> 22572 | K64: =H64*0.2 -> 55144 | L64: =(H64-I64-J64-K64)/36 -> 5361.2222 | N64: 250 | O64: =(N64*365*0.45)*0.6 -> 24637.5 | P64: =(O64/H64)*100 -> 8.9356956 | Q64: =H64/O64 -> 11.191071
A65: LA-26 | B65: 381.9 | C65: 100 | D65: =C65*B65 -> 38190 | E65: Barn_85 | F65: 85 | G65: 2000 | H65: =G65*F65+D65 -> 208190 | I65: 5000 | J65: =(H65*0.1)-I65 -> 15819 | K65: =H65*0.2 -> 41638 | L65: =(H65-I65-J65-K65)/36 -> 4048.1389 | N65: 200 | O65: =(N65*365*0.45)*0.6 -> 19710 | P65: =(O65/H65)*100 -> 9.4673135 | Q65: =H65/O65 -> 10.562659
A66: LA-28 | B66: 283.2 | C66: 100 | D66: =C66*B66 -> 28320 | E66: Barn_55 | F66: 85 | G66: 2000 | H66: =G66*F66+D66 -> 198320 | I66: 5000 | J66: =(H66*0.1)-I66 -> 14832 | K66: =H66*0.2 -> 39664 | L66: =(H66-I66-J66-K66)/36 -> 3856.2222 | N66: 150 | O66: =(N66*365*0.45)*0.6 -> 14782.5 | P66: =(O66/H66)*100 -> 7.4538624 | Q66: =H66/O66 -> 13.415863
A67: LA-30 | B67: 504.5 | C67: 100 | D67: =C67*B67 -> 50450 | E67: Barn_115 | F67: 115 | G67: 2000 | H67: =G67*F67+D67 -> 280450 | I67: 5000 | J67: =(H67*0.1)-I67 -> 23045 | K67: =H67*0.2 -> 56090 | L67: =(H67-I67-J67-K67)/36 -> 5453.1944 | N67: 250 | O67: =(N67*365*0.45)*0.6 -> 24637.5 | P67: =(O67/H67)*100 -> 8.7849884 | Q67: =H67/O67 -> 11.383054
A68: LA-32 | B68: 643.2 | C68: 100 | D68: =C68*B68 -> 64320 | E68: Barn_115 | F68: 145 | G68: 2000 | H68: =G68*F68+D68 -> 354320 | I68: 5000 | J68: =(H68*0.1)-I68 -> 30432 | K68: =H68*0.2 -> 70864 | L68: =(H68-I68-J68-K68)/36 -> 6889.5556 | M68: =(H68*0.08)/12 -> 2362.1333 | N68: 350 | O68: =(N68*365*0.45)*0.6 -> 34492.5 | P68: =(O68/H68)*100 -> 9.7348442 | Q68: =H68/O68 -> 10.272378
A69: LA-34 | B69: 538.8 | C69: 100 | D69: =C69*B69 -> 53880 | E69: Barn_115 | F69: 115 | G69: 2000 | H69: =G69*F69+D69 -> 283880 | I69: 5000 | J69: =(H69*0.1)-I69 -> 23388 | K69: =H69*0.25 -> 70970 | L69: =(H69-I69-J69-K69)/36 -> 5125.6111 | N69: 250 | O69: =(N69*365*0.45)*0.6 -> 24637.5 | P69: =(O69/H69)*100 -> 8.6788432 | Q69: =H69/O69 -> 11.522273
A70: LA-36 | B70: 376 | C70: 100 | D70: =C70*B70 -> 37600 | E70: Barn_85 | F70: 85 | G70: 2000 | H70: =G70*F70+D70 -> 207600 | I70: 5000 | J70: =(H70*0.1)-I70 -> 15760 | K70: =H70*0.25 -> 51900 | L70: =(H70-I70-J70-K70)/36 -> 3748.3333 | N70: 200 | O70: =(N70*365*0.45)*0.6 -> 19710 | P70: =(O70/H70)*100 -> 9.4942197 | Q70: =H70/O70 -> 10.532725
A71: LA-38 | B71: 359.3 | C71: 100 | D71: =C71*B71 -> 35930 | E71: Barn_85 | F71: 85 | G71: 2000 | H71: =G71*F71+D71 -> 205930 | I71: 5000 | J71: =(H71*0.1)-I71 -> 15593 | K71: =H71*0.25 -> 51482.5 | L71: =(H71-I71-J71-K71)/36 -> 3718.1806 | N71: 200 | O71: =(N71*365*0.45)*0.6 -> 19710 | P71: =(O71/H71)*100 -> 9.5712135 | Q71: =H71/O71 -> 10.447996
A72: LA-40 | B72: 382.6 | C72: 100 | D72: =C72*B72 -> 38260 | E72: Barn_85 | F72: 85 | G72: 2000 | H72: =G72*F72+D72 -> 208260 | I72: 5000 | J72: =(H72*0.1)-I72 -> 15826 | K72: =H72*0.25 -> 52065 | L72: =(H72-I72-J72-K72)/36 -> 3760.25 | N72: 200 | O72: =(N72*365*0.45)*0.6 -> 19710 | P72: =(O72/H72)*100 -> 9.4641314 | Q72: =H72/O72 -> 10.56621
A73: LA-42 | B73: 402 | C73: 100 | D73: =C73*B73 -> 40200 | E73: Barn_85 | F73: 85 | G73: 2000 | H73: =G73*F73+D73 -> 210200 | I73: 5000 | J73: =(H73*0.1)-I73 -> 16020 | K73: =H73*0.25 -> 52550 | L73: =(H73-I73-J73-K73)/36 -> 3795.2778 | N73: 200 | O73: =(N73*365*0.45)*0.6 -> 19710 | P73: =(O73/H73)*100 -> 9.376784 | Q73: =H73/O73 -> 10.664637
A74: LA-44 | B74: 409.7 | C74: 100 | D74: =C74*B74 -> 40970 | E74: Barn_85 | F74: 85 | G74: 2000 | H74: =G74*F74+D74 -> 210970 | I74: 5000 | J74: =(H74*0.1)-I74 -> 16097 | K74: =H74*0.25 -> 52742.5 | L74: =(H74-I74-J74-K74)/36 -> 3809.1806 | N74: 200 | O74: =(N74*365*0.45)*0.6 -> 19710 | P74: =(O74/H74)*100 -> 9.3425606 | Q74: =H74/O74 -> 10.703704
A75: LA-46 | B75: 406 | C75: 100 | D75: =C75*B75 -> 40600 | E75: Barn_85 | F75: 85 | G75: 2000 | H75: =G75*F75+D75 -> 210600 | I75: 5000 | J75: =(H75*0.1)-I75 -> 16060 | K75: =H75*0.25 -> 52650 | L75: =(H75-I75-J75-K75)/36 -> 3802.5 | N75: 200 | O75: =(N75*365*0.45)*0.6 -> 19710 | P75: =(O75/H75)*100 -> 9.3589744 | Q75: =H75/O75 -> 10.684932
A76: LA-48 | B76: 406.3 | C76: 100 | D76: =C76*B76 -> 40630 | E76: Barn_85 | F76: 85 | G76: 2000 | H76: =G76*F76+D76 -> 210630 | I76: 5000 | J76: =(H76*0.1)-I76 -> 16063 | K76: =H76*0.25 -> 52657.5 | L76: =(H76-I76-J76-K76)/36 -> 3803.0417 | N76: 200 | O76: =(N76*365*0.45)*0.6 -> 19710 | P76: =(O76/H76)*100 -> 9.3576414 | Q76: =H76/O76 -> 10.686454
A77: LA-50 | B77: 600.7 | C77: 100 | D77: =C77*B77 -> 60070 | E77: Barn_115 | F77: 115 | G77: 2000 | H77: =G77*F77+D77 -> 290070 | I77: 5000 | J77: =(H77*0.1)-I77 -> 24007 | K77: =H77*0.2 -> 58014 | L77: =(H77-I77-J77-K77)/36 -> 5640.25 | M77: =(H77*0.08)/12 -> 1933.8 | N77: 250 | O77: =(N77*365*0.45)*0.6 -> 24637.5 | P77: =(O77/H77)*100 -> 8.4936395 | Q77: =H77/O77 -> 11.773516
A78: LA-52 | B78: 433.3 | C78: 100 | D78: =C78*B78 -> 43330 | E78: Barn_85 | F78: 85 | G78: 2000 | H78: =G78*F78+D78 -> 213330 | I78: 5000 | J78: =(H78*0.1)-I78 -> 16333 | K78: =H78*0.25 -> 53332.5 | L78: =(H78-I78-J78-K78)/36 -> 3851.7917 | N78: 200 | O78: =(N78*365*0.45)*0.6 -> 19710 | P78: =(O78/H78)*100 -> 9.2392069 | Q78: =H78/O78 -> 10.82344
A79: LA-54 | B79: 426.8 | C79: 100 | D79: =C79*B79 -> 42680 | E79: Barn_85 | F79: 85 | G79: 2000 | H79: =G79*F79+D79 -> 212680 | I79: 5000 | J79: =(H79*0.1)-I79 -> 16268 | K79: =H79*0.25 -> 53170 | L79: =(H79-I79-J79-K79)/36 -> 3840.0556 | N79: 200 | O79: =(N79*365*0.45)*0.6 -> 19710 | P79: =(O79/H79)*100 -> 9.267444 | Q79: =H79/O79 -> 10.790462
A80: LA-56 | B80: 426.8 | C80: 100 | D80: =C80*B80 -> 42680 | E80: Barn_85 | F80: 85 | G80: 2000 | H80: =G80*F80+D80 -> 212680 | I80: 5000 | J80: =(H80*0.1)-I80 -> 16268 | K80: =H80*0.25 -> 53170 | L80: =(H80-I80-J80-K80)/36 -> 3840.0556 | N80: 200 | O80: =(N80*365*0.45)*0.6 -> 19710 | P80: =(O80/H80)*100 -> 9.267444 | Q80: =H80/O80 -> 10.790462
A81: LA-58 | B81: 426.8 | C81: 100 | D81: =C81*B81 -> 42680 | E81: Barn_85 | F81: 85 | G81: 2000 | H81: =G81*F81+D81 -> 212680 | I81: 5000 | J81: =(H81*0.1)-I81 -> 16268 | K81: =H81*0.25 -> 53170 | L81: =(H81-I81-J81-K81)/36 -> 3840.0556 | N81: 200 | O81: =(N81*365*0.45)*0.6 -> 19710 | P81: =(O81/H81)*100 -> 9.267444 | Q81: =H81/O81 -> 10.790462
A82: LA-60 | B82: 426.8 | C82: 100 | D82: =C82*B82 -> 42680 | E82: Barn_85 | F82: 85 | G82: 2000 | H82: =G82*F82+D82 -> 212680 | I82: 5000 | J82: =(H82*0.1)-I82 -> 16268 | K82: =H82*0.25 -> 53170 | L82: =(H82-I82-J82-K82)/36 -> 3840.0556 | N82: 200 | O82: =(N82*365*0.45)*0.6 -> 19710 | P82: =(O82/H82)*100 -> 9.267444 | Q82: =H82/O82 -> 10.790462
A83: LA-62 | B83: 426.8 | C83: 100 | D83: =C83*B83 -> 42680 | E83: Barn_85 | F83: 85 | G83: 2000 | H83: =G83*F83+D83 -> 212680 | I83: 5000 | J83: =(H83*0.1)-I83 -> 16268 | K83: =H83*0.25 -> 53170 | L83: =(H83-I83-J83-K83)/36 -> 3840.0556 | N83: 200 | O83: =(N83*365*0.45)*0.6 -> 19710 | P83: =(O83/H83)*100 -> 9.267444 | Q83: =H83/O83 -> 10.790462
A84: LA-64 | B84: 426.8 | C84: 100 | D84: =C84*B84 -> 42680 | E84: Barn_85 | F84: 85 | G84: 2000 | H84: =G84*F84+D84 -> 212680 | I84: 5000 | J84: =(H84*0.1)-I84 -> 16268 | K84: =H84*0.25 -> 53170 | L84: =(H84-I84-J84-K84)/36 -> 3840.0556 | N84: 200 | O84: =(N84*365*0.45)*0.6 -> 19710 | P84: =(O84/H84)*100 -> 9.267444 | Q84: =H84/O84 -> 10.790462
A85: LA-66 | B85: 426.8 | C85: 100 | D85: =C85*B85 -> 42680 | E85: Barn_85 | F85: 85 | G85: 2000 | H85: =G85*F85+D85 -> 212680 | I85: 5000 | J85: =(H85*0.1)-I85 -> 16268 | K85: =H85*0.25 -> 53170 | L85: =(H85-I85-J85-K85)/36 -> 3840.0556 | N85: 200 | O85: =(N85*365*0.45)*0.6 -> 19710 | P85: =(O85/H85)*100 -> 9.267444 | Q85: =H85/O85 -> 10.790462
A86: LA-68 | B86: 426.8 | C86: 100 | D86: =C86*B86 -> 42680 | E86: Barn_85 | F86: 85 | G86: 2000 | H86: =G86*F86+D86 -> 212680 | I86: 5000 | J86: =(H86*0.1)-I86 -> 16268 | K86: =H86*0.25 -> 53170 | L86: =(H86-I86-J86-K86)/36 -> 3840.0556 | N86: 200 | O86: =(N86*365*0.45)*0.6 -> 19710 | P86: =(O86/H86)*100 -> 9.267444 | Q86: =H86/O86 -> 10.790462
A87: LA-70 | B87: 426.8 | C87: 100 | D87: =C87*B87 -> 42680 | E87: Barn_85 | F87: 85 | G87: 2000 | H87: =G87*F87+D87 -> 212680 | I87: 5000 | J87: =(H87*0.1)-I87 -> 16268 | K87: =H87*0.25 -> 53170 | L87: =(H87-I87-J87-K87)/36 -> 3840.0556 | N87: 200 | O87: =(N87*365*0.45)*0.6 -> 19710 | P87: =(O87/H87)*100 -> 9.267444 | Q87: =H87/O87 -> 10.790462
A88: LA-72 | B88: 426.8 | C88: 100 | D88: =C88*B88 -> 42680 | E88: Barn_85 | F88: 85 | G88: 2000 | H88: =G88*F88+D88 -> 212680 | I88: 5000 | J88: =(H88*0.1)-I88 -> 16268 | K88: =H88*0.25 -> 53170 | L88: =(H88-I88-J88-K88)/36 -> 3840.0556 | N88: 200 | O88: =(N88*365*0.45)*0.6 -> 19710 | P88: =(O88/H88)*100 -> 9.267444 | Q88: =H88/O88 -> 10.790462
A89: LA-74 | B89: 412.6 | C89: 100 | D89: =C89*B89 -> 41260 | E89: Barn_85 | F89: 85 | G89: 2000 | H89: =G89*F89+D89 -> 211260 | I89: 5000 | J89: =(H89*0.1)-I89 -> 16126 | K89: =H89*0.25 -> 52815 | L89: =(H89-I89-J89-K89)/36 -> 3814.4167 | N89: 200 | O89: =(N89*365*0.45)*0.6 -> 19710 | P89: =(O89/H89)*100 -> 9.3297359 | Q89: =H89/O89 -> 10.718417
... A94: LA-84 | B94: 436.5 | C94: 100 | D94: =C94*B94 -> 43650 | E94: Barn_85 | F94: 85 | G94: 2000 | H94: =G94*F94+D94 -> 213650 | I94: 5000 | J94: =(H94*0.1)-I94 -> 16365 | K94: =H94*0.25 -> 53412.5 | L94: =(H94-I94-J94-K94)/36 -> 3857.5694 | N94: 200 | O94: =(N94*365*0.45)*0.6 -> 19710 | P94: =(O94/H94)*100 -> 9.2253686 | Q94: =H94/O94 -> 10.839675
A95: LA-86 | B95: 646.3 | C95: 100 | D95: =C95*B95 -> 64630 | E95: Barn_115 | F95: 145 | G95: 2000 | H95: =G95*F95+D95 -> 354630 | I95: 5000 | J95: =(H95*0.1)-I95 -> 30463 | K95: =H95*0.2 -> 70926 | L95: =(H95-I95-J95-K95)/36 -> 6895.5833 | M95: =(H95*0.08)/12 -> 2364.2 | N95: 350 | O95: =(N95*365*0.45)*0.6 -> 34492.5 | P95: =(O95/H95)*100 -> 9.7263345 | Q95: =H95/O95 -> 10.281366
A96: LA-88 | B96: 400.2 | C96: 100 | D96: =C96*B96 -> 40020 | E96: Barn_85 | F96: 85 | G96: 2000 | H96: =G96*F96+D96 -> 210020 | I96: 5000 | J96: =(H96*0.1)-I96 -> 16002 | K96: =H96*0.25 -> 52505 | L96: =(H96-I96-J96-K96)/36 -> 3792.0278 | N96: 200 | O96: =(N96*365*0.45)*0.6 -> 19710 | P96: =(O96/H96)*100 -> 9.3848205 | Q96: =H96/O96 -> 10.655505
A98: ველის უბანი
A99: ნაკვეთის კოდი | B99: ნაკვეთის ფართობი (მ2) | C99: მიწის 1მ2 ფასი | D99: მიწის ღირებულება $ | E99: სახლის სტილი | F99: სახლის ფართი (მ2) | G99: ობიექტის რეალიზაციის ფასი 1 მ2 $ | H99: საინვესტიცო ღირებულება | I99: ბეი - რეზერვი $ | J99: პირველი შენატანი 10% | K99: პოსტ-ჰენდოვერი (20%) | L99: ყოველთვიური (36 თვე) | M99: სააქციო შეთავაზება 8% გარანტირებული უკუგება 2 წელი | N99: დღიური ქირის ფასი ($) | O99: პასიური წლიური 45% დათვირთვით შემოსავალი | P99: პესიმისტური Rental ROI % | Q99: პესიმისტური უკუგება (წელი)
A100: LB-1 | B100: 384 | C100: 80 | D100: =C100*B100 -> 30720 | E100: Barn_85 | F100: 85 | G100: 2000 | H100: =G100*F100+D100 -> 200720 | I100: 5000 | J100: =(H100*0.1)-I100 -> 15072 | K100: =H100*0.2 -> 40144 | L100: =(H100-I100-J100-K100)/36 -> 3902.8889 | N100: 200 | O100: =(N100*365*0.45)*0.6 -> 19710 | P100: =(O100/H100)*100 -> 9.8196493 | Q100: =H100/O100 -> 10.183663
A101: LB-3 | B101: 509.5 | C101: 80 | D101: =C101*B101 -> 40760 | E101: Barn_115 | F101: 115 | G101: 2000 | H101: =G101*F101+D101 -> 270760 | I101: 5000 | J101: =(H101*0.1)-I101 -> 22076 | K101: =H101*0.2 -> 54152 | L101: =(H101-I101-J101-K101)/36 -> 5264.7778 | N101: 250 | O101: =(N101*365*0.45)*0.6 -> 24637.5 | P101: =(O101/H101)*100 -> 9.0993869 | Q101: =H101/O101 -> 10.989751
A102: LB-5 | B102: 599.2 | C102: 80 | D102: =C102*B102 -> 47936 | E102: Barn_115 | F102: 115 | G102: 2000 | H102: =G102*F102+D102 -> 277936 | I102: 5000 | J102: =(H102*0.1)-I102 -> 22793.6 | K102: =H102*0.2 -> 55587.2 | L102: =(H102-I102-J102-K102)/36 -> 5404.3111 | N102: 250 | O102: =(N102*365*0.45)*0.6 -> 24637.5 | P102: =(O102/H102)*100 -> 8.8644508 | Q102: =H102/O102 -> 11.281015
A103: LB-7 | B103: 565.3 | C103: 80 | D103: =C103*B103 -> 45224 | E103: Barn_115 | F103: 115 | G103: 2000 | H103: =G103*F103+D103 -> 275224 | I103: 5000 | J103: =(H103*0.1)-I103 -> 22522.4 | K103: =H103*0.2 -> 55044.8 | L103: =(H103-I103-J103-K103)/36 -> 5351.5778 | N103: 250 | O103: =(N103*365*0.45)*0.6 -> 24637.5 | P103: =(O103/H103)*100 -> 8.9517993 | Q103: =H103/O103 -> 11.170939
A104: LB-9 | B104: 491.1 | C104: 80 | D104: =C104*B104 -> 39288 | E104: Barn_115 | F104: 115 | G104: 2000 | H104: =G104*F104+D104 -> 269288 | I104: 5000 | J104: =(H104*0.1)-I104 -> 21928.8 | K104: =H104*0.2 -> 53857.6 | L104: =(H104-I104-J104-K104)/36 -> 5236.1556 | N104: 250 | O104: =(N104*365*0.45)*0.6 -> 24637.5 | P104: =(O104/H104)*100 -> 9.1491266 | Q104: =H104/O104 -> 10.930005
A105: LB-11 | B105: 466.5 | C105: 80 | D105: =C105*B105 -> 37320 | E105: Barn_115 | F105: 115 | G105: 2000 | H105: =G105*F105+D105 -> 267320 | I105: 5000 | J105: =(H105*0.1)-I105 -> 21732 | K105: =H105*0.2 -> 53464 | L105: =(H105-I105-J105-K105)/36 -> 5197.8889 | N105: 250 | O105: =(N105*365*0.45)*0.6 -> 24637.5 | P105: =(O105/H105)*100 -> 9.2164821 | Q105: =H105/O105 -> 10.850127
A106: LB-13 | B106: 522.9 | C106: 80 | D106: =C106*B106 -> 41832 | E106: Barn_115 | F106: 115 | G106: 2000 | H106: =G106*F106+D106 -> 271832 | I106: 5000 | J106: =(H106*0.1)-I106 -> 22183.2 | K106: =H106*0.2 -> 54366.4 | L106: =(H106-I106-J106-K106)/36 -> 5285.6222 | N106: 250 | O106: =(N106*365*0.45)*0.6 -> 24637.5 | P106: =(O106/H106)*100 -> 9.0635025 | Q106: =H106/O106 -> 11.033262
A107: LB-15 | B107: 582.2 | C107: 80 | D107: =C107*B107 -> 46576 | E107: Barn_115 | F107: 115 | G107: 2000 | H107: =G107*F107+D107 -> 276576 | I107: 5000 | J107: =(H107*0.1)-I107 -> 22657.6 | K107: =H107*0.2 -> 55315.2 | L107: =(H107-I107-J107-K107)/36 -> 5377.8667 | N107: 250 | O107: =(N107*365*0.45)*0.6 -> 24637.5 | P107: =(O107/H107)*100 -> 8.9080397 | Q107: =H107/O107 -> 11.225814
A108: LB-17 | B108: 557.3 | C108: 80 | D108: =C108*B108 -> 44584 | E108: Barn_115 | F108: 115 | G108: 2000 | H108: =G108*F108+D108 -> 274584 | I108: 5000 | J108: =(H108*0.1)-I108 -> 22458.4 | K108: =H108*0.2 -> 54916.8 | L108: =(H108-I108-J108-K108)/36 -> 5339.1333 | N108: 250 | O108: =(N108*365*0.45)*0.6 -> 24637.5 | P108: =(O108/H108)*100 -> 8.9726641 | Q108: =H108/O108 -> 11.144962
A109: LB-19 | B109: 498.4 | C109: 80 | D109: =C109*B109 -> 39872 | E109: Barn_115 | F109: 115 | G109: 2000 | H109: =G109*F109+D109 -> 269872 | I109: 5000 | J109: =(H109*0.1)-I109 -> 21987.2 | K109: =H109*0.2 -> 53974.4 | L109: =(H109-I109-J109-K109)/36 -> 5247.5111 | N109: 250 | O109: =(N109*365*0.45)*0.6 -> 24637.5 | P109: =(O109/H109)*100 -> 9.129328 | Q109: =H109/O109 -> 10.953709
A110: LB-21 | B110: 438.1 | C110: 80 | D110: =C110*B110 -> 35048 | E110: Barn_85 | F110: 85 | G110: 2000 | H110: =G110*F110+D110 -> 205048 | I110: 5000 | J110: =(H110*0.1)-I110 -> 15504.8 | K110: =H110*0.2 -> 41009.6 | L110: =(H110-I110-J110-K110)/36 -> 3987.0444 | N110: 200 | O110: =(N110*365*0.45)*0.6 -> 19710 | P110: =(O110/H110)*100 -> 9.6123834 | Q110: =H110/O110 -> 10.403247
A111: LB-23 | B111: 377.7 | C111: 80 | D111: =C111*B111 -> 30216 | E111: Barn_85 | F111: 85 | G111: 2000 | H111: =G111*F111+D111 -> 200216 | I111: 5000 | J111: =(H111*0.1)-I111 -> 15021.6 | K111: =H111*0.2 -> 40043.2 | L111: =(H111-I111-J111-K111)/36 -> 3893.0889 | N111: 200 | O111: =(N111*365*0.45)*0.6 -> 19710 | P111: =(O111/H111)*100 -> 9.8443681 | Q111: =H111/O111 -> 10.158092
...

Sheet Sheet2
A2: ალტერნატიული შეთავაზება | B2: ნაკვეთის კოდი | C2: ნაკვეთის ფართობი (მ2) | D2: მიწის 1მ2 ფასი | E2: მიწის ღირებულება $ | F2: სახლის სტილი | G2: სახლის ფართი (მ2) | H2: ობიექტის რეალიზაციის ფასი 1 მ2 $ | I2: საინვესტიცო ღირებულება | J2: ბეი - რეზერვი $ | K2: პირველი შენატანი 10% | L2: პოსტ-ჰენდოვერი (20%) | M2: ყოველთვიური (36 თვე) | N2: დღიური ფასი ($) | O2: პესიური წლიური წმინდა მოგება | P2: პესიმისტური Rental ROI % | Q2: პესიმისტურიუკუგება (წელი)
B3: LA-1 | C3: 702.4 | D3: 120 | E3: =D3*C3 -> 84288 | F3: 2 x Barn_55 (მაღალი ამონაგები) | G3: 110 | H3: 2000 | I3: =H3*G3+E3 -> 304288 | J3: 5000 | K3: =(I3*0.1)-J3 -> 25428.8 | L3: =I3*0.2 -> 60857.6 | M3: =(I3-J3-K3-L3)/36 -> 5916.7111 | N3: 400 | O3: =(N3*365*0.45)*0.6 -> 39420 | P3: =(O3/I3)*100 -> 12.954832 | Q3: =I3/O3 -> 7.7191273
B4: LA-3 | C4: 683.2 | D4: 120 | E4: =D4*C4 -> 81984 | F4: 2 x Barn_55 (მაღალი ამონაგები) | G4: 110 | H4: 2000 | I4: =H4*G4+E4 -> 301984 | J4: 5000 | K4: =(I4*0.1)-J4 -> 25198.4 | L4: =I4*0.2 -> 60396.8 | M4: =(I4-J4-K4-L4)/36 -> 5871.9111 | N4: 400 | O4: =(N4*365*0.45)*0.6 -> 39420 | P4: =(O4/I4)*100 -> 13.053672 | Q4: =I4/O4 -> 7.6606799
B5: LA-5 | C5: 652.7 | D5: 120 | E5: =D5*C5 -> 78324 | F5: 2 x Barn_55 (მაღალი ამონაგები) | G5: 110 | H5: 2000 | I5: =H5*G5+E5 -> 298324 | J5: 5000 | K5: =(I5*0.1)-J5 -> 24832.4 | L5: =I5*0.2 -> 59664.8 | M5: =(I5-J5-K5-L5)/36 -> 5800.7444 | N5: 400 | O5: =(N5*365*0.45)*0.6 -> 39420 | P5: =(O5/I5)*100 -> 13.213821 | Q5: =I5/O5 -> 7.5678336
B6: LA-7 | C6: 558.9 | D6: 120 | E6: =D6*C6 -> 67068 | F6: Modern Flat-Roof (პრემიუმ დიზაინი) | G6: 85 | H6: 2000 | I6: =H6*G6+E6 -> 237068 | J6: 5000 | K6: =(Sheet1!G193*0.1)-J3 -> -4800 | L6: =I6*0.2 -> 47413.6 | M6: =(I6-J6-K6-L6)/36 -> 5262.6222 | N6: 250 | O6: =(N6*365*0.45)*0.6 -> 24637.5 | P6: =(O6/I6)*100 -> 10.392588 | Q6: =I6/O6 -> 9.6222425
B7: LA-9 | C7: 561.5 | D7: 120 | E7: =D7*C7 -> 67380 | F7: Modern Flat-Roof (პრემიუმ დიზაინი) | G7: 85 | H7: 2000 | I7: =H7*G7+E7 -> 237380 | J7: 5000 | K7: =(Sheet1!G194*0.1)-J4 -> -4800 | L7: =I7*0.2 -> 47476 | M7: =(I7-J7-K7-L7)/36 -> 5269.5556 | N7: 250 | O7: =(N7*365*0.45)*0.6 -> 24637.5 | P7: =(O7/I7)*100 -> 10.378928 | Q7: =I7/O7 -> 9.6349061
B8: LA-11 | C8: 740.3 | D8: 120 | E8: =D8*C8 -> 88836 | F8: 2 x Barn_55 (მაღალი ამონაგები) | G8: 110 | H8: 2000 | I8: =H8*G8+E8 -> 308836 | J8: 5000 | K8: =(I8*0.1)-J8 -> 25883.6 | L8: =I8*0.2 -> 61767.2 | M8: =(I8-J8-K8-L8)/36 -> 6005.1444 | N8: 400 | O8: =(N8*365*0.45)*0.6 -> 39420 | P8: =(O8/I8)*100 -> 12.764056 | Q8: =I8/O8 -> 7.8345003
B9: LA-13 | C9: 953.6 | D9: 120 | E9: =D9*C9 -> 114432 | F9: 2 x Barn_55 (მაღალი ამონაგები) | G9: 110 | H9: 2000 | I9: =H9*G9+E9 -> 334432 | J9: 5000 | K9: =(I9*0.1)-J9 -> 28443.2 | L9: =I9*0.2 -> 66886.4 | M9: =(I9-J9-K9-L9)/36 -> 6502.8444 | N9: 400 | O9: =(N9*365*0.45)*0.6 -> 39420 | P9: =(O9/I9)*100 -> 11.78715 | Q9: =I9/O9 -> 8.4838153
B10: LA-15 | C10: 1084.1 | D10: 120 | E10: =D10*C10 -> 130092 | F10: 2 x Barn_55 (მაღალი ამონაგები) | G10: 110 | H10: 2000 | I10: =H10*G10+E10 -> 350092 | J10: 5000 | K10: =(I10*0.1)-J10 -> 30009.2 | L10: =I10*0.2 -> 70018.4 | M10: =(I10-J10-K10-L10)/36 -> 6807.3444 | N10: 400 | O10: =(N10*365*0.45)*0.6 -> 39420 | P10: =(O10/I10)*100 -> 11.259897 | Q10: =I10/O10 -> 8.8810756
B11: LA-17 | C11: 503.7 | D11: 120 | E11: =D11*C11 -> 60444 | F11: Modern Flat-Roof (პრემიუმ დიზაინი) | G11: 85 | H11: 2000 | I11: =H11*G11+E11 -> 230444 | J11: 5000 | K11: =(I11*0.1)-J11 -> 18044.4 | L11: =I11*0.2 -> 46088.8 | M11: =(I11-J11-K11-L11)/36 -> 4480.8556 | N11: 250 | O11: =(N11*365*0.45)*0.6 -> 24637.5 | P11: =(O11/I11)*100 -> 10.691318 | Q11: =I11/O11 -> 9.3533841
B12: LA-19 | C12: 413.4 | D12: 120 | E12: =D12*C12 -> 49608 | F12: A_55 (ეკონომ არჩევანი) | G12: 55 | H12: 2000 | I12: =H12*G12+E12 -> 159608 | J12: 5000 | K12: =(I12*0.1)-J12 -> 10960.8 | L12: =I12*0.2 -> 31921.6 | M12: =(I12-J12-K12-L12)/36 -> 3103.4889 | N12: 200 | O12: =(N12*365*0.45)*0.6 -> 19710 | P12: =(O12/I12)*100 -> 12.349005 | Q12: =I12/O12 -> 8.0978184
B13: LA-21 | C13: 393 | D13: 120 | E13: =D13*C13 -> 47160 | F13: A_55 (ეკონომ არჩევანი) | G13: 55 | H13: 2000 | I13: =H13*G13+E13 -> 157160 | J13: 5000 | K13: =(I13*0.1)-J13 -> 10716 | L13: =I13*0.2 -> 31432 | M13: =(I13-J13-K13-L13)/36 -> 3055.8889 | N13: 200 | O13: =(N13*365*0.45)*0.6 -> 19710 | P13: =(O13/I13)*100 -> 12.541359 | Q13: =I13/O13 -> 7.9736175
B14: LA-23 | C14: 404.7 | D14: 120 | E14: =D14*C14 -> 48564 | F14: A_55 (ეკონომ არჩევანი) | G14: 55 | H14: 2000 | I14: =H14*G14+E14 -> 158564 | J14: 5000 | K14: =(I14*0.1)-J14 -> 10856.4 | L14: =I14*0.2 -> 31712.8 | M14: =(I14-J14-K14-L14)/36 -> 3083.1889 | N14: 200 | O14: =(N14*365*0.45)*0.6 -> 19710 | P14: =(O14/I14)*100 -> 12.430312 | Q14: =I14/O14 -> 8.0448503
B15: LA-25 | C15: 485.3 | D15: 120 | E15: =D15*C15 -> 58236 | F15: Modern Flat-Roof (პრემიუმ დიზაინი) | G15: 85 | H15: 2000 | I15: =H15*G15+E15 -> 228236 | J15: 5000 | K15: =(Sheet1!G202*0.1)-J12 -> -4800 | L15: =I15*0.2 -> 45647.2 | M15: =(I15-J15-K15-L15)/36 -> 5066.3556 | N15: 250 | O15: =(N15*365*0.45)*0.6 -> 24637.5 | P15: =(O15/I15)*100 -> 10.794748 | Q15: =I15/O15 -> 9.2637646
B16: LA-27 | C16: 479.7 | D16: 120 | E16: =D16*C16 -> 57564 | F16: Modern Flat-Roof (პრემიუმ დიზაინი) | G16: 85 | H16: 2000 | I16: =H16*G16+E16 -> 227564 | J16: 5000 | K16: =(Sheet1!G203*0.1)-J13 -> -4800 | L16: =I16*0.2 -> 45512.8 | M16: =(I16-J16-K16-L16)/36 -> 5051.4222 | N16: 250 | O16: =(N16*365*0.45)*0.6 -> 24637.5 | P16: =(O16/I16)*100 -> 10.826625 | Q16: =I16/O16 -> 9.2364891
B17: LA-29 | C17: 652.9 | D17: 120 | E17: =D17*C17 -> 78348 | F17: 2 x Barn_55 (მაღალი ამონაგები) | G17: 110 | H17: 2000 | I17: =H17*G17+E17 -> 298348 | J17: 5000 | K17: =(I17*0.1)-J17 -> 24834.8 | L17: =I17*0.2 -> 59669.6 | M17: =(I17-J17-K17-L17)/36 -> 5801.2111 | N17: 400 | O17: =(N17*365*0.45)*0.6 -> 39420 | P17: =(O17/I17)*100 -> 13.212758 | Q17: =I17/O17 -> 7.5684424
B18: LA-31 | C18: 513.9 | D18: 120 | E18: =D18*C18 -> 61668 | F18: Modern Flat-Roof (პრემიუმ დიზაინი) | G18: 85 | H18: 2000 | I18: =H18*G18+E18 -> 231668 | J18: 5000 | K18: =(Sheet1!G205*0.1)-J15 -> -4800 | L18: =I18*0.2 -> 46333.6 | M18: =(I18-J18-K18-L18)/36 -> 5142.6222 | N18: 250 | O18: =(N18*365*0.45)*0.6 -> 24637.5 | P18: =(O18/I18)*100 -> 10.634831 | Q18: =I18/O18 -> 9.4030644
B19: LA-33 | C19: 451.8 | D19: 120 | E19: =D19*C19 -> 54216 | F19: Modern Flat-Roof (პრემიუმ დიზაინი) | G19: 85 | H19: 2000 | I19: =H19*G19+E19 -> 224216 | J19: 5000 | K19: =(Sheet1!G206*0.1)-J16 -> -4800 | L19: =I19*0.2 -> 44843.2 | M19: =(I19-J19-K19-L19)/36 -> 4977.0222 | N19: 250 | O19: =(N19*365*0.45)*0.6 -> 24637.5 | P19: =(O19/I19)*100 -> 10.988288 | Q19: =I19/O19 -> 9.1005987
B20: LA-35 | C20: 509 | D20: 120 | E20: =D20*C20 -> 61080 | F20: Modern Flat-Roof (პრემიუმ დიზაინი) | G20: 85 | H20: 2000 | I20: =H20*G20+E20 -> 231080 | J20: 5000 | K20: =(Sheet1!G207*0.1)-J17 -> -4800 | L20: =I20*0.2 -> 46216 | M20: =(I20-J20-K20-L20)/36 -> 5129.5556 | N20: 250 | O20: =(N20*365*0.45)*0.6 -> 24637.5 | P20: =(O20/I20)*100 -> 10.661892 | Q20: =I20/O20 -> 9.3791984
B21: LA-37 | C21: 464.4 | D21: 120 | E21: =D21*C21 -> 55728 | F21: Modern Flat-Roof (პრემიუმ დიზაინი) | G21: 85 | H21: 2000 | I21: =H21*G21+E21 -> 225728 | J21: 5000 | K21: =(Sheet1!G208*0.1)-J18 -> -4800 | L21: =I21*0.2 -> 45145.6 | M21: =(I21-J21-K21-L21)/36 -> 5010.6222 | N21: 250 | O21: =(N21*365*0.45)*0.6 -> 24637.5 | P21: =(O21/I21)*100 -> 10.914685 | Q21: =I21/O21 -> 9.1619685
B22: LA-39 | C22: 425.4 | D22: 120 | E22: =D22*C22 -> 51048 | F22: A_55 (ეკონომ არჩევანი) | G22: 55 | H22: 2000 | I22: =H22*G22+E22 -> 161048 | J22: 5000 | K22: =(I22*0.1)-J22 -> 11104.8 | L22: =I22*0.2 -> 32209.6 | M22: =(I22-J22-K22-L22)/36 -> 3131.4889 | N22: 200 | O22: =(N22*365*0.45)*0.6 -> 19710 | P22: =(O22/I22)*100 -> 12.238587 | Q22: =I22/O22 -> 8.1708777
B23: LA-41 | C23: 309 | D23: 120 | E23: =D23*C23 -> 37080 | F23: Barnhouse (კომფორტისთვის) | G23: 55 | H23: 2000 | I23: =H23*G23+E23 -> 147080 | J23: 5000 | K23: =(Sheet1!G210*0.1)-J20 -> -4800 | L23: =I23*0.2 -> 29416 | M23: =(I23-J23-K23-L23)/36 -> 3262.8889 | N23: 250 | O23: =(N23*365*0.45)*0.6 -> 24637.5 | P23: =(O23/I23)*100 -> 16.751088 | Q23: =I23/O23 -> 5.9697615
B24: LA-43 | C24: 470.5 | D24: 120 | E24: =D24*C24 -> 56460 | F24: Modern Flat-Roof (პრემიუმ დიზაინი) | G24: 85 | H24: 2000 | I24: =H24*G24+E24 -> 226460 | J24: 5000 | K24: =(Sheet1!G211*0.1)-J21 -> -4800 | L24: =I24*0.2 -> 45292 | M24: =(I24-J24-K24-L24)/36 -> 5026.8889 | N24: 250 | O24: =(N24*365*0.45)*0.6 -> 24637.5 | P24: =(O24/I24)*100 -> 10.879405 | Q24: =I24/O24 -> 9.1916794
B25: LA-45 | C25: 628.6 | D25: 120 | E25: =D25*C25 -> 75432 | F25: 2 x Barn_55 (მაღალი ამონაგები) | G25: 110 | H25: 2000 | I25: =H25*G25+E25 -> 295432 | J25: 5000 | K25: =(Sheet1!G212*0.1)-J22 -> -4800 | L25: =I25*0.2 -> 59086.4 | M25: =(I25-J25-K25-L25)/36 -> 6559.6 | N25: 400 | O25: =(N25*365*0.45)*0.6 -> 39420 | P25: =(O25/I25)*100 -> 13.343172 | Q25: =I25/O25 -> 7.4944698
B26: LA-47 | C26: 652.1 | D26: 120 | E26: =D26*C26 -> 78252 | F26: 2 x Barn_55 (მაღალი ამონაგები) | G26: 110 | H26: 2000 | I26: =H26*G26+E26 -> 298252 | J26: 5000 | K26: =(I26*0.1)-J26 -> 24825.2 | L26: =I26*0.2 -> 59650.4 | M26: =(I26-J26-K26-L26)/36 -> 5799.3444 | N26: 400 | O26: =(N26*365*0.45)*0.6 -> 39420 | P26: =(O26/I26)*100 -> 13.217011 | Q26: =I26/O26 -> 7.5660071
B27: LA-49 | C27: 584.2 | D27: 120 | E27: =D27*C27 -> 70104 | F27: Modern Flat-Roof (პრემიუმ დიზაინი) | G27: 85 | H27: 2000 | I27: =H27*G27+E27 -> 240104 | J27: 5000 | K27: =(Sheet1!G214*0.1)-J24 -> -4800 | L27: =I27*0.2 -> 48020.8 | M27: =(I27-J27-K27-L27)/36 -> 5330.0889 | N27: 250 | O27: =(N27*365*0.45)*0.6 -> 24637.5 | P27: =(O27/I27)*100 -> 10.261178 | Q27: =I27/O27 -> 9.7454693
B28: LA-51 | C28: 443.3 | D28: 120 | E28: =D28*C28 -> 53196 | F28: A_55 (ეკონომ არჩევანი) | G28: 55 | H28: 2000 | I28: =H28*G28+E28 -> 163196 | J28: 5000 | K28: =(I28*0.1)-J28 -> 11319.6 | L28: =I28*0.2 -> 32639.2 | M28: =(I28-J28-K28-L28)/36 -> 3173.2556 | N28: 200 | O28: =(N28*365*0.45)*0.6 -> 19710 | P28: =(O28/I28)*100 -> 12.077502 | Q28: =I28/O28 -> 8.2798579
B29: LA-53 | C29: 348.6 | D29: 120 | E29: =D29*C29 -> 41832 | F29: Barnhouse (კომფორტისთვის) | G29: 55 | H29: 2000 | I29: =H29*G29+E29 -> 151832 | J29: 5000 | K29: =(Sheet1!G216*0.1)-J26 -> -4800 | L29: =I29*0.2 -> 30366.4 | M29: =(I29-J29-K29-L29)/36 -> 3368.4889 | N29: 200 | O29: =(N29*365*0.45)*0.6 -> 19710 | P29: =(O29/I29)*100 -> 12.981453 | Q29: =I29/O29 -> 7.7032978
B30: LA-55 | C30: 298 | D30: 120 | E30: =D30*C30 -> 35760 | F30: Barnhouse (კომფორტისთვის) | G30: 55 | H30: 2000 | I30: =H30*G30+E30 -> 145760 | J30: 5000 | K30: =(Sheet1!G217*0.1)-J27 -> -4800 | L30: =I30*0.2 -> 29152 | M30: =(I30-J30-K30-L30)/36 -> 3233.5556 | N30: 200 | O30: =(N30*365*0.45)*0.6 -> 19710 | P30: =(O30/I30)*100 -> 13.522228 | Q30: =I30/O30 -> 7.3952308
B31: LA-57 | C31: 366 | D31: 120 | E31: =D31*C31 -> 43920 | F31: A_55 (ეკონომ არჩევანი) | G31: 55 | H31: 2000 | I31: =H31*G31+E31 -> 153920 | J31: 5000 | K31: =(I31*0.1)-J31 -> 10392 | L31: =I31*0.2 -> 30784 | M31: =(I31-J31-K31-L31)/36 -> 2992.8889 | N31: 200 | O31: =(N31*365*0.45)*0.6 -> 19710 | P31: =(O31/I31)*100 -> 12.805353 | Q31: =I31/O31 -> 7.8092339
B32: LA-59 | C32: 369.6 | D32: 120 | E32: =D32*C32 -> 44352 | F32: A_55 (ეკონომ არჩევანი) | G32: 55 | H32: 2000 | I32: =H32*G32+E32 -> 154352 | J32: 5000 | K32: =(I32*0.1)-J32 -> 10435.2 | L32: =I32*0.2 -> 30870.4 | M32: =(I32-J32-K32-L32)/36 -> 3001.2889 | N32: 200 | O32: =(N32*365*0.45)*0.6 -> 19710 | P32: =(O32/I32)*100 -> 12.769514 | Q32: =I32/O32 -> 7.8311517
B33: LA-61 | C33: 385.3 | D33: 120 | E33: =D33*C33 -> 46236 | F33: A_55 (ეკონომ არჩევანი) | G33: 55 | H33: 2000 | I33: =H33*G33+E33 -> 156236 | J33: 5000 | K33: =(I33*0.1)-J33 -> 10623.6 | L33: =I33*0.2 -> 31247.2 | M33: =(I33-J33-K33-L33)/36 -> 3037.9222 | N33: 200 | O33: =(N33*365*0.45)*0.6 -> 19710 | P33: =(O33/I33)*100 -> 12.61553 | Q33: =I33/O33 -> 7.9267377
B34: LA-63 | C34: 381.8 | D34: 120 | E34: =D34*C34 -> 45816 | F34: A_55 (ეკონომ არჩევანი) | G34: 55 | H34: 2000 | I34: =H34*G34+E34 -> 155816 | J34: 5000 | K34: =(I34*0.1)-J34 -> 10581.6 | L34: =I34*0.2 -> 31163.2 | M34: =(I34-J34-K34-L34)/36 -> 3029.7556 | N34: 200 | O34: =(N34*365*0.45)*0.6 -> 19710 | P34: =(O34/I34)*100 -> 12.649535 | Q34: =I34/O34 -> 7.9054287
B35: LA-65 | C35: 336.7 | D35: 120 | E35: =D35*C35 -> 40404 | F35: Barnhouse (კომფორტისთვის) | G35: 55 | H35: 2000 | I35: =H35*G35+E35 -> 150404 | J35: 5000 | K35: =(Sheet1!G222*0.1)-J32 -> -4800 | L35: =I35*0.2 -> 30080.8 | M35: =(I35-J35-K35-L35)/36 -> 3336.7556 | N35: 200 | O35: =(N35*365*0.45)*0.6 -> 19710 | P35: =(O35/I35)*100 -> 13.104705 | Q35: =I35/O35 -> 7.6308473
B36: LA-67 | C36: 360.1 | D36: 120 | E36: =D36*C36 -> 43212 | F36: A_55 (ეკონომ არჩევანი) | G36: 55 | H36: 2000 | I36: =H36*G36+E36 -> 153212 | J36: 5000 | K36: =(I36*0.1)-J36 -> 10321.2 | L36: =I36*0.2 -> 30642.4 | M36: =(I36-J36-K36-L36)/36 -> 2979.1222 | N36: 200 | O36: =(N36*365*0.45)*0.6 -> 19710 | P36: =(O36/I36)*100 -> 12.864528 | Q36: =I36/O36 -> 7.773313
B37: LA-69 | C37: 325.3 | D37: 120 | E37: =D37*C37 -> 39036 | F37: Barnhouse (კომფორტისთვის) | G37: 55 | H37: 2000 | I37: =H37*G37+E37 -> 149036 | J37: 5000 | K37: =(Sheet1!G224*0.1)-J34 -> -4800 | L37: =I37*0.2 -> 29807.2 | M37: =(I37-J37-K37-L37)/36 -> 3306.3556 | N37: 200 | O37: =(N37*365*0.45)*0.6 -> 19710 | P37: =(O37/I37)*100 -> 13.224993 | Q37: =I37/O37 -> 7.5614409
B38: LA-71 | C38: 335.4 | D38: 120 | E38: =D38*C38 -> 40248 | F38: Barnhouse (კომფორტისთვის) | G38: 55 | H38: 2000 | I38: =H38*G38+E38 -> 150248 | J38: 5000 | K38: =(Sheet1!G225*0.1)-J35 -> -4800 | L38: =I38*0.2 -> 30049.6 | M38: =(I38-J38-K38-L38)/36 -> 3333.2889 | N38: 200 | O38: =(N38*365*0.45)*0.6 -> 19710 | P38: =(O38/I38)*100 -> 13.118311 | Q38: =I38/O38 -> 7.6229325
B39: LA-73 | C39: 293 | D39: 120 | E39: =D39*C39 -> 35160 | F39: Barnhouse (კომფორტისთვის) | G39: 55 | H39: 2000 | I39: =H39*G39+E39 -> 145160 | J39: 5000 | K39: =(Sheet1!G226*0.1)-J36 -> -4800 | L39: =I39*0.2 -> 29032 | M39: =(I39-J39-K39-L39)/36 -> 3220.2222 | N39: 200 | O39: =(N39*365*0.45)*0.6 -> 19710 | P39: =(O39/I39)*100 -> 13.578121 | Q39: =I39/O39 -> 7.3647894
B40: LA-75 | C40: 334.3 | D40: 120 | E40: =D40*C40 -> 40116 | F40: Barnhouse (კომფორტისთვის) | G40: 55 | H40: 2000 | I40: =H40*G40+E40 -> 150116 | J40: 5000 | K40: =(Sheet1!G227*0.1)-J37 -> -4800 | L40: =I40*0.2 -> 30023.2 | M40: =(I40-J40-K40-L40)/36 -> 3330.3556 | N40: 200 | O40: =(N40*365*0.45)*0.6 -> 19710 | P40: =(O40/I40)*100 -> 13.129846 | Q40: =I40/O40 -> 7.6162354
B41: LA-77 | C41: 433.6 | D41: 120 | E41: =D41*C41 -> 52032 | F41: A_55 (ეკონომ არჩევანი) | G41: 55 | H41: 2000 | I41: =H41*G41+E41 -> 162032 | J41: 5000 | K41: =(I41*0.1)-J41 -> 11203.2 | L41: =I41*0.2 -> 32406.4 | M41: =(I41-J41-K41-L41)/36 -> 3150.6222 | N41: 200 | O41: =(N41*365*0.45)*0.6 -> 19710 | P41: =(O41/I41)*100 -> 12.164264 | Q41: =I41/O41 -> 8.2208016
B42: LA-79 | C42: 441 | D42: 120 | E42: =D42*C42 -> 52920 | F42: A_55 (ეკონომ არჩევანი) | G42: 55 | H42: 2000 | I42: =H42*G42+E42 -> 162920 | J42: 5000 | K42: =(I42*0.1)-J42 -> 11292 | L42: =I42*0.2 -> 32584 | M42: =(I42-J42-K42-L42)/36 -> 3167.8889 | N42: 200 | O42: =(N42*365*0.45)*0.6 -> 19710 | P42: =(O42/I42)*100 -> 12.097962 | Q42: =I42/O42 -> 8.2658549
B43: LA-81 | C43: 476.4 | D43: 120 | E43: =D43*C43 -> 57168 | F43: Modern Flat-Roof (პრემიუმ დიზაინი) | G43: 85 | H43: 2000 | I43: =H43*G43+E43 -> 227168 | J43: 5000 | K43: =(Sheet1!G230*0.1)-J40 -> -4800 | L43: =I43*0.2 -> 45433.6 | M43: =(I43-J43-K43-L43)/36 -> 5042.6222 | N43: 300 | O43: =(N43*365*0.45)*0.6 -> 29565 | P43: =(O43/I43)*100 -> 13.014597 | Q43: =I43/O43 -> 7.68368
B44: LA-83 | C44: 353.5 | D44: 120 | E44: =D44*C44 -> 42420 | F44: A_55 (ეკონომ არჩევანი) | G44: 55 | H44: 2000 | I44: =H44*G44+E44 -> 152420 | J44: 5000 | K44: =(I44*0.1)-J44 -> 10242 | L44: =I44*0.2 -> 30484 | M44: =(I44-J44-K44-L44)/36 -> 2963.7222 | N44: 200 | O44: =(N44*365*0.45)*0.6 -> 19710 | P44: =(O44/I44)*100 -> 12.931374 | Q44: =I44/O44 -> 7.7331304
B45: LA-85 | C45: 626.5 | D45: 120 | E45: =D45*C45 -> 75180 | F45: 2 x Barn_55 (მაღალი ამონაგები) | G45: 110 | H45: 2000 | I45: =H45*G45+E45 -> 295180 | J45: 5000 | K45: =(Sheet1!G232*0.1)-J42 -> -4800 | L45: =I45*0.2 -> 59036 | M45: =(I45-J45-K45-L45)/36 -> 6554 | N45: 300 | O45: =(N45*365*0.45)*0.6 -> 29565 | P45: =(O45/I45)*100 -> 10.015922 | Q45: =I45/O45 -> 9.9841028
B46: LA-87 | C46: 721.9 | D46: 120 | E46: =D46*C46 -> 86628 | F46: 2 x Barn_55 (მაღალი ამონაგები) | G46: 110 | H46: 2000 | I46: =H46*G46+E46 -> 306628 | J46: 5000 | K46: =(I46*0.1)-J46 -> 25662.8 | L46: =I46*0.2 -> 61325.6 | M46: =(I46-J46-K46-L46)/36 -> 5962.2111 | N46: 400 | O46: =(N46*365*0.45)*0.6 -> 39420 | P46: =(O46/I46)*100 -> 12.855969 | Q46: =I46/O46 -> 7.7784881
B47: LA-89 | C47: 789.1 | D47: 120 | E47: =D47*C47 -> 94692 | F47: 2 x Barn_55 (მაღალი ამონაგები) | G47: 110 | H47: 2000 | I47: =H47*G47+E47 -> 314692 | J47: 5000 | K47: =(I47*0.1)-J47 -> 26469.2 | L47: =I47*0.2 -> 62938.4 | M47: =(I47-J47-K47-L47)/36 -> 6119.0111 | N47: 400 | O47: =(N47*365*0.45)*0.6 -> 39420 | P47: =(O47/I47)*100 -> 12.526534 | Q47: =I47/O47 -> 7.9830543
B48: LA-91 | C48: 918.3 | D48: 120 | E48: =D48*C48 -> 110196 | F48: 2 x Barn_55 (მაღალი ამონაგები) | G48: 110 | H48: 2000 | I48: =H48*G48+E48 -> 330196 | J48: 5000 | K48: =(I48*0.1)-J48 -> 28019.6 | L48: =I48*0.2 -> 66039.2 | M48: =(I48-J48-K48-L48)/36 -> 6420.4778 | N48: 400 | O48: =(N48*365*0.45)*0.6 -> 39420 | P48: =(O48/I48)*100 -> 11.938364 | Q48: =I48/O48 -> 8.3763572
B49: LA-93 | C49: 744.7 | D49: 120 | E49: =D49*C49 -> 89364 | F49: 2 x Barn_55 (მაღალი ამონაგები) | G49: 110 | H49: 2000 | I49: =H49*G49+E49 -> 309364 | J49: 5000 | K49: =(I49*0.1)-J49 -> 25936.4 | L49: =I49*0.2 -> 61872.8 | M49: =(I49-J49-K49-L49)/36 -> 6015.4111 | N49: 400 | O49: =(N49*365*0.45)*0.6 -> 39420 | P49: =(O49/I49)*100 -> 12.742271 | Q49: =I49/O49 -> 7.8478945
B50: LA-95 | C50: 751.9 | D50: 120 | E50: =D50*C50 -> 90228 | F50: 2 x Barn_55 (მაღალი ამონაგები) | G50: 110 | H50: 2000 | I50: =H50*G50+E50 -> 310228 | J50: 5000 | K50: =(I50*0.1)-J50 -> 26022.8 | L50: =I50*0.2 -> 62045.6 | M50: =(I50-J50-K50-L50)/36 -> 6032.2111 | N50: 400 | O50: =(N50*365*0.45)*0.6 -> 39420 | P50: =(O50/I50)*100 -> 12.706783 | Q50: =I50/O50 -> 7.8698123
B53: ნაკვეთის კოდი | C53: ნაკვეთის ფართობი (მ2) | D53: მიწის 1მ2 ფასი | E53: მიწის ღირებულება $ | F53: სახლის სტილი | G53: სახლის ფართი (მ2) | H53: ობიექტის რეალიზაციის ფასი 1 მ2 $ | I53: საინვესტიცო ღირებულება | J53: ბეი - რეზერვი $ | K53: პირველი შენატანი 10% | L53: პოსტ-ჰენდოვერი (20%) | M53: ყოველთვიური (36 თვე) | N53: დღიური ფასი ($) | O53: პესიური წლიური წმინდა მოგება | P53: პესიმისტური Rental ROI % | Q53: პესიმისტურიუკუგება (წელი)
B54: LA-2 | C54: 654.9 | D54: 100 | E54: =D54*C54 -> 65490 | F54: 2 x Barn_55 (მაღალი ამონაგები) | G54: 110 | H54: 2000 | I54: =H54*G54+E54 -> 285490 | J54: 5000 | K54: =(I54*0.1)-J54 -> 23549 | L54: =I54*0.2 -> 57098 | M54: =(I54-J54-K54-L54)/36 -> 5551.1944 | N54: 300 | O54: =(N54*365*0.45)*0.6 -> 29565 | P54: =(O54/I54)*100 -> 10.355879 | Q54: =I54/O54 -> 9.6563504
B55: LA-4 | C55: 392.4 | D55: 100 | E55: =D55*C55 -> 39240 | F55: A_55 (ეკონომ არჩევანი) | G55: 55 | H55: 2000 | I55: =H55*G55+E55 -> 149240 | J55: 5000 | K55: =(I55*0.1)-J55 -> 9924 | L55: =I55*0.2 -> 29848 | M55: =(I55-J55-K55-L55)/36 -> 2901.8889 | N55: 180 | O55: =(N55*365*0.45)*0.6 -> 17739 | P55: =(O55/I55)*100 -> 11.886224 | Q55: =I55/O55 -> 8.4131011
B56: LA-6 | C56: 491.7 | D56: 100 | E56: =D56*C56 -> 49170 | F56: Modern Flat-Roof (პრემიუმ დიზაინი) | G56: 85 | H56: 2000 | I56: =H56*G56+E56 -> 219170 | J56: 5000 | K56: =(I56*0.1)-J56 -> 16917 | L56: =I56*0.2 -> 43834 | M56: =(I56-J56-K56-L56)/36 -> 4261.6389 | N56: 181 | O56: =(N56*365*0.45)*0.6 -> 17837.55 | P56: =(O56/I56)*100 -> 8.1386823 | Q56: =I56/O56 -> 12.287001
B57: LA-8 | C57: 557.8 | D57: 100 | E57: =D57*C57 -> 55780 | F57: Modern Flat-Roof (პრემიუმ დიზაინი) | G57: 85 | H57: 2000 | I57: =H57*G57+E57 -> 225780 | J57: 5000 | K57: =(I57*0.1)-J57 -> 17578 | L57: =I57*0.2 -> 45156 | M57: =(I57-J57-K57-L57)/36 -> 4390.1667 | N57: 182 | O57: =(N57*365*0.45)*0.6 -> 17936.1 | P57: =(O57/I57)*100 -> 7.9440606 | Q57: =I57/O57 -> 12.588021
B58: LA-10 | C58: 591.5 | D58: 100 | E58: =D58*C58 -> 59150 | F58: Modern Flat-Roof (პრემიუმ დიზაინი) | G58: 85 | H58: 2000 | I58: =H58*G58+E58 -> 229150 | J58: 5000 | K58: =(I58*0.1)-J58 -> 17915 | L58: =I58*0.2 -> 45830 | M58: =(I58-J58-K58-L58)/36 -> 4455.6944 | N58: 183 | O58: =(N58*365*0.45)*0.6 -> 18034.65 | P58: =(O58/I58)*100 -> 7.8702378 | Q58: =I58/O58 -> 12.706096
B59: LA-12 | C59: 608.4 | D59: 100 | E59: =D59*C59 -> 60840 | F59: 2 x Barn_55 (მაღალი ამონაგები) | G59: 110 | H59: 2000 | I59: =H59*G59+E59 -> 280840 | J59: 5000 | K59: =(I59*0.1)-J59 -> 23084 | L59: =I59*0.2 -> 56168 | M59: =(I59-J59-K59-L59)/36 -> 5460.7778 | N59: 300 | O59: =(N59*365*0.45)*0.6 -> 29565 | P59: =(O59/I59)*100 -> 10.527347 | Q59: =I59/O59 -> 9.4990698
B60: LA-14 | C60: 609.8 | D60: 100 | E60: =D60*C60 -> 60980 | F60: 2 x Barn_55 (მაღალი ამონაგები) | G60: 110 | H60: 2000 | I60: =H60*G60+E60 -> 280980 | J60: 5000 | K60: =(I60*0.1)-J60 -> 23098 | L60: =I60*0.2 -> 56196 | M60: =(I60-J60-K60-L60)/36 -> 5463.5 | N60: 300 | O60: =(N60*365*0.45)*0.6 -> 29565 | P60: =(O60/I60)*100 -> 10.522101 | Q60: =I60/O60 -> 9.5038052
B61: LA-16 | C61: 580.2 | D61: 100 | E61: =D61*C61 -> 58020 | F61: Modern Flat-Roof (პრემიუმ დიზაინი) | G61: 85 | H61: 2000 | I61: =H61*G61+E61 -> 228020 | J61: 5000 | K61: =(I61*0.1)-J61 -> 17802 | L61: =I61*0.2 -> 45604 | M61: =(I61-J61-K61-L61)/36 -> 4433.7222 | N61: 301 | O61: =(N61*365*0.45)*0.6 -> 29663.55 | P61: =(O61/I61)*100 -> 13.009188 | Q61: =I61/O61 -> 7.686875
B62: LA-18 | C62: 567.2 | D62: 100 | E62: =D62*C62 -> 56720 | F62: Modern Flat-Roof (პრემიუმ დიზაინი) | G62: 85 | H62: 2000 | I62: =H62*G62+E62 -> 226720 | J62: 5000 | K62: =(I62*0.1)-J62 -> 17672 | L62: =I62*0.2 -> 45344 | M62: =(I62-J62-K62-L62)/36 -> 4408.4444 | N62: 302 | O62: =(N62*365*0.45)*0.6 -> 29762.1 | P62: =(O62/I62)*100 -> 13.127249 | Q62: =I62/O62 -> 7.617742
B63: LA-20 | C63: 548 | D63: 100 | E63: =D63*C63 -> 54800 | F63: Modern Flat-Roof (პრემიუმ დიზაინი) | G63: 85 | H63: 2000 | I63: =H63*G63+E63 -> 224800 | J63: 5000 | K63: =(I63*0.1)-J63 -> 17480 | L63: =I63*0.2 -> 44960 | M63: =(I63-J63-K63-L63)/36 -> 4371.1111 | N63: 303 | O63: =(N63*365*0.45)*0.6 -> 29860.65 | P63: =(O63/I63)*100 -> 13.283207 | Q63: =I63/O63 -> 7.5283023
B64: LA-22 | C64: 511.9 | D64: 100 | E64: =D64*C64 -> 51190 | F64: Modern Flat-Roof (პრემიუმ დიზაინი) | G64: 85 | H64: 2000 | I64: =H64*G64+E64 -> 221190 | J64: 5000 | K64: =(I64*0.1)-J64 -> 17119 | L64: =I64*0.2 -> 44238 | M64: =(I64-J64-K64-L64)/36 -> 4300.9167 | N64: 304 | O64: =(N64*365*0.45)*0.6 -> 29959.2 | P64: =(O64/I64)*100 -> 13.544554 | Q64: =I64/O64 -> 7.3830409
B65: LA-24 | C65: 457.2 | D65: 100 | E65: =D65*C65 -> 45720 | F65: Modern Flat-Roof (პრემიუმ დიზაინი) | G65: 85 | H65: 2000 | I65: =H65*G65+E65 -> 215720 | J65: 5000 | K65: =(I65*0.1)-J65 -> 16572 | L65: =I65*0.2 -> 43144 | M65: =(I65-J65-K65-L65)/36 -> 4194.5556 | N65: 305 | O65: =(N65*365*0.45)*0.6 -> 30057.75 | P65: =(O65/I65)*100 -> 13.933687 | Q65: =I65/O65 -> 7.1768512
... B97: LA-88 | C97: 400.2 | D97: 100 | E97: =D97*C97 -> 40020 | F97: A_55 (ეკონომ არჩევანი) | G97: 55 | H97: 2000 | I97: =H97*G97+E97 -> 150020 | J97: 5000 | K97: =(I97*0.1)-J97 -> 10002 | L97: =I97*0.2 -> 30004 | M97: =(I97-J97-K97-L97)/36 -> 2917.0556 | N97: 180 | O97: =(N97*365*0.45)*0.6 -> 17739 | P97: =(O97/I97)*100 -> 11.824423 | Q97: =I97/O97 -> 8.457072
B100: ნაკვეთის კოდი | C100: ნაკვეთის ფართობი (მ2) | D100: მიწის 1მ2 ფასი | E100: მიწის ღირებულება $ | F100: სახლის სტილი | G100: სახლის ფართი (მ2) | H100: ობიექტის რეალიზაციის ფასი 1 მ2 $ | I100: საინვესტიცო ღირებულება | J100: ბეი - რეზერვი $ | K100: პირველი შენატანი 10% | L100: პოსტ-ჰენდოვერი (20%) | M100: ყოველთვიური (36 თვე) | N100: დღიური ფასი ($) | O100: პესიური წლიური წმინდა მოგება | P100: პესიმისტური Rental ROI % | Q100: პესიმისტურიუკუგება (წელი)
B101: LB-1 | C101: 384 | D101: 80 | E101: =D101*C101 -> 30720 | F101: A_55 (ეკონომ არჩევანი) | G101: 55 | H101: 2000 | I101: =H101*G101+E101 -> 140720 | J101: 5000 | K101: =(I101*0.1)-J101 -> 9072 | L101: =I101*0.2 -> 28144 | M101: =(I101-J101-K101-L101)/36 -> 2736.2222 | N101: 180 | O101: =(N101*365*0.45)*0.6 -> 17739 | P101: =(O101/I101)*100 -> 12.605884 | Q101: =I101/O101 -> 7.9328034
B102: LB-3 | C102: 509.5 | D102: 80 | E102: =D102*C102 -> 40760 | F102: Modern Flat-Roof | G102: 85 | H102: 2000 | I102: =H102*G102+E102 -> 210760 | J102: 5000 | K102: =(I102*0.1)-J102 -> 16076 | L102: =I102*0.2 -> 42152 | M102: =(I102-J102-K102-L102)/36 -> 4098.1111 | N102: 220 | O102: =(N102*365*0.45)*0.6 -> 21681 | P102: =(O102/I102)*100 -> 10.287056 | Q102: =I102/O102 -> 9.7209538
B103: LB-5 | C103: 599.2 | D103: 80 | E103: =D103*C103 -> 47936 | F103: Modern Flat-Roof | G103: 85 | H103: 2000 | I103: =H103*G103+E103 -> 217936 | J103: 5000 | K103: =(I103*0.1)-J103 -> 16793.6 | L103: =I103*0.2 -> 43587.2 | M103: =(I103-J103-K103-L103)/36 -> 4237.6444 | N103: 220 | O103: =(N103*365*0.45)*0.6 -> 21681 | P103: =(O103/I103)*100 -> 9.9483335 | Q103: =I103/O103 -> 10.051935
B104: LB-7 | C104: 565.3 | D104: 80 | E104: =D104*C104 -> 45224 | F104: Modern Flat-Roof | G104: 85 | H104: 2000 | I104: =H104*G104+E104 -> 215224 | J104: 5000 | K104: =(I104*0.1)-J104 -> 16522.4 | L104: =I104*0.2 -> 43044.8 | M104: =(I104-J104-K104-L104)/36 -> 4184.9111 | N104: 220 | O104: =(N104*365*0.45)*0.6 -> 21681 | P104: =(O104/I104)*100 -> 10.073691 | Q104: =I104/O104 -> 9.9268484
B105: LB-9 | C105: 491.1 | D105: 80 | E105: =D105*C105 -> 39288 | F105: Modern Flat-Roof | G105: 85 | H105: 2000 | I105: =H105*G105+E105 -> 209288 | J105: 5000 | K105: =(I105*0.1)-J105 -> 15928.8 | L105: =I105*0.2 -> 41857.6 | M105: =(I105-J105-K105-L105)/36 -> 4069.4889 | N105: 220 | O105: =(N105*365*0.45)*0.6 -> 21681 | P105: =(O105/I105)*100 -> 10.359409 | Q105: =I105/O105 -> 9.6530603
B106: LB-11 | C106: 466.5 | D106: 80 | E106: =D106*C106 -> 37320 | F106: Modern Flat-Roof | G106: 85 | H106: 2000 | I106: =H106*G106+E106 -> 207320 | J106: 5000 | K106: =(I106*0.1)-J106 -> 15732 | L106: =I106*0.2 -> 41464 | M106: =(I106-J106-K106-L106)/36 -> 4031.2222 | N106: 220 | O106: =(N106*365*0.45)*0.6 -> 21681 | P106: =(O106/I106)*100 -> 10.457746 | Q106: =I106/O106 -> 9.5622896
B107: LB-13 | C107: 522.9 | D107: 80 | E107: =D107*C107 -> 41832 | F107: Modern Flat-Roof | G107: 85 | H107: 2000 | I107: =H107*G107+E107 -> 211832 | J107: 5000 | K107: =(I107*0.1)-J107 -> 16183.2 | L107: =I107*0.2 -> 42366.4 | M107: =(I107-J107-K107-L107)/36 -> 4118.9556 | N107: 220 | O107: =(N107*365*0.45)*0.6 -> 21681 | P107: =(O107/I107)*100 -> 10.234998 | Q107: =I107/O107 -> 9.770398
B108: LB-15 | C108: 582.2 | D108: 80 | E108: =D108*C108 -> 46576 | F108: Modern Flat-Roof | G108: 85 | H108: 2000 | I108: =H108*G108+E108 -> 216576 | J108: 5000 | K108: =(I108*0.1)-J108 -> 16657.6 | L108: =I108*0.2 -> 43315.2 | M108: =(I108-J108-K108-L108)/36 -> 4211.2 | N108: 220 | O108: =(N108*365*0.45)*0.6 -> 21681 | P108: =(O108/I108)*100 -> 10.010805 | Q108: =I108/O108 -> 9.9892071
B109: LB-17 | C109: 557.3 | D109: 80 | E109: =D109*C109 -> 44584 | F109: Modern Flat-Roof | G109: 85 | H109: 2000 | I109: =H109*G109+E109 -> 214584 | J109: 5000 | K109: =(I109*0.1)-J109 -> 16458.4 | L109: =I109*0.2 -> 42916.8 | M109: =(I109-J109-K109-L109)/36 -> 4172.4667 | N109: 220 | O109: =(N109*365*0.45)*0.6 -> 21681 | P109: =(O109/I109)*100 -> 10.103736 | Q109: =I109/O109 -> 9.8973295
B110: LB-19 | C110: 498.4 | D110: 80 | E110: =D110*C110 -> 39872 | F110: Modern Flat-Roof | G110: 85 | H110: 2000 | I110: =H110*G110+E110 -> 209872 | J110: 5000 | K110: =(I110*0.1)-J110 -> 15987.2 | L110: =I110*0.2 -> 41974.4 | M110: =(I110-J110-K110-L110)/36 -> 4080.8444 | N110: 220 | O110: =(N110*365*0.45)*0.6 -> 21681 | P110: =(O110/I110)*100 -> 10.330582 | Q110: =I110/O110 -> 9.6799963
B111: LB-21 | C111: 438.1 | D111: 80 | E111: =D111*C111 -> 35048 | F111: A_55 (ეკონომ არჩევანი) | G111: 55 | H111: 2000 | I111: =H111*G111+E111 -> 145048 | J111: 5000 | K111: =(I111*0.1)-J111 -> 9504.8 | L111: =I111*0.2 -> 29009.6 | M111: =(I111-J111-K111-L111)/36 -> 2820.3778 | N111: 180 | O111: =(N111*365*0.45)*0.6 -> 17739 | P111: =(O111/I111)*100 -> 12.229745 | Q111: =I111/O111 -> 8.1767856
B112: LB-23 | C112: 377.7 | D112: 80 | E112: =D112*C112 -> 30216 | F112: A_55 (ეკონომ არჩევანი) | G112: 55 | H112: 2000 | I112: =H112*G112+E112 -> 140216 | J112: 5000 | K112: =(I112*0.1)-J112 -> 9021.6 | L112: =I112*0.2 -> 28043.2 | M112: =(I112-J112-K112-L112)/36 -> 2726.4222 | N112: 180 | O112: =(N112*365*0.45)*0.6 -> 17739 | P112: =(O112/I112)*100 -> 12.651195 | Q112: =I112/O112 -> 7.9043915
... B148: LD-3 | C148: 474 | D148: 100 | E148: =D148*C148 -> 47400 | F148: Modern Flat-Roof | G148: 85 | H148: 2000 | I148: =H148*G148+E148 -> 217400 | J148: 5000 | K148: =(I148*0.1)-J148 -> 16740 | L148: =I148*0.2 -> 43480 | M148: =(I148-J148-K148-L148)/36 -> 4227.2222 | N148: 250 | O148: =(N148*365*0.45)*0.6 -> 24637.5 | P148: =(O148/I148)*100 -> 11.332797 | Q148: =I148/O148 -> 8.8239472
B151: ნაკვეთის კოდი | C151: ნაკვეთის ფართობი (მ2) | D151: მიწის 1მ2 ფასი | E151: მიწის ღირებულება $ | F151: სახლის სტილი | G151: სახლის ფართი (მ2) | H151: ობიექტის რეალიზაციის ფასი 1 მ2 $ | I151: საინვესტიცო ღირებულება | J151: ბეი - რეზერვი $ | K151: პირველი შენატანი 10% | L151: პოსტ-ჰენდოვერი (20%) | M151: ყოველთვიური (36 თვე) | N151: დღიური ფასი ($) | O151: პესიური წლიური წმინდა მოგება | P151: პესიმისტური Rental ROI % | Q151: პესიმისტურიუკუგება (წელი)
B152: LB-2 | C152: 649.3 | D152: 60 | E152: =D152*C152 -> 38958 | F152: 2 x Barn_55 (მაღალი ამონაგები) | G152: 110 | H152: 2000 | I152: =H152*G152+E152 -> 258958 | J152: 5000 | K152: =(I152*0.1)-J152 -> 20895.8 | L152: =I152*0.2 -> 51791.6 | M152: =(I152-J152-K152-L152)/36 -> 5035.2944 | N152: 300 | O152: =(N152*365*0.45)*0.6 -> 29565 | P152: =(O152/I152)*100 -> 11.416909 | Q152: =I152/O152 -> 8.7589379
B153: LB-4 | C153: 901.9 | D153: 60 | E153: =D153*C153 -> 54114 | F153: 2 x Barn_55 (მაღალი ამონაგები) | G153: 110 | H153: 2000 | I153: =H153*G153+E153 -> 274114 | J153: 5000 | K153: =(I153*0.1)-J153 -> 22411.4 | L153: =I153*0.2 -> 54822.8 | M153: =(I153-J153-K153-L153)/36 -> 5329.9944 | N153: 300 | O153: =(N153*365*0.45)*0.6 -> 29565 | P153: =(O153/I153)*100 -> 10.785659 | Q153: =I153/O153 -> 9.2715711
B154: LB-6 | C154: 514.2 | D154: 60 | E154: =D154*C154 -> 30852 | F154: Modern Flat-Roof | G154: 85 | H154: 2000 | I154: =H154*G154+E154 -> 200852 | J154: 5000 | K154: =(I154*0.1)-J154 -> 15085.2 | L154: =I154*0.2 -> 40170.4 | M154: =(I154-J154-K154-L154)/36 -> 3905.4556 | N154: 250 | O154: =(N154*365*0.45)*0.6 -> 24637.5 | P154: =(O154/I154)*100 -> 12.266495 | Q154: =I154/O154 -> 8.1522882
B155: LB-8 | C155: 337.5 | D155: 60 | E155: =D155*C155 -> 20250 | F155: A_55 (ეკონომ არჩევანი) | G155: 55 | H155: 2000 | I155: =H155*G155+E155 -> 130250 | J155: 5000 | K155: =(I155*0.1)-J155 -> 8025 | L155: =I155*0.2 -> 26050 | M155: =(I155-J155-K155-L155)/36 -> 2532.6389 | N155: 150 | O155: =(N155*365*0.45)*0.6 -> 14782.5 | P155: =(O155/I155)*100 -> 11.349328 | Q155: =I155/O155 -> 8.8110942
B156: LB-10 | C156: 396.9 | D156: 60 | E156: =D156*C156 -> 23814 | F156: A_55 (ეკონომ არჩევანი) | G156: 55 | H156: 2000 | I156: =H156*G156+E156 -> 133814 | J156: 5000 | K156: =(I156*0.1)-J156 -> 8381.4 | L156: =I156*0.2 -> 26762.8 | M156: =(I156-J156-K156-L156)/36 -> 2601.9389 | N156: 150 | O156: =(N156*365*0.45)*0.6 -> 14782.5 | P156: =(O156/I156)*100 -> 11.04705 | Q156: =I156/O156 -> 9.0521901
B157: LB-12 | C157: 417.9 | D157: 60 | E157: =D157*C157 -> 25074 | F157: A_55 (ეკონომ არჩევანი) | G157: 55 | H157: 2000 | I157: =H157*G157+E157 -> 135074 | J157: 5000 | K157: =(I157*0.1)-J157 -> 8507.4 | L157: =I157*0.2 -> 27014.8 | M157: =(I157-J157-K157-L157)/36 -> 2626.4389 | N157: 150 | O157: =(N157*365*0.45)*0.6 -> 14782.5 | P157: =(O157/I157)*100 -> 10.944001 | Q157: =I157/O157 -> 9.137426
B158: LB-14 | C158: 412.8 | D158: 60 | E158: =D158*C158 -> 24768 | F158: A_55 (ეკონომ არჩევანი) | G158: 55 | H158: 2000 | I158: =H158*G158+E158 -> 134768 | J158: 5000 | K158: =(I158*0.1)-J158 -> 8476.8 | L158: =I158*0.2 -> 26953.6 | M158: =(I158-J158-K158-L158)/36 -> 2620.4889 | N158: 150 | O158: =(N158*365*0.45)*0.6 -> 14782.5 | P158: =(O158/I158)*100 -> 10.96885 | Q158: =I158/O158 -> 9.1167259
B159: LB-16 | C159: 590.5 | D159: 60 | E159: =D159*C159 -> 35430 | F159: Modern Flat-Roof | G159: 85 | H159: 2000 | I159: =H159*G159+E159 -> 205430 | J159: 5000 | K159: =(I159*0.1)-J159 -> 15543 | L159: =I159*0.2 -> 41086 | M159: =(I159-J159-K159-L159)/36 -> 3994.4722 | N159: 250 | O159: =(N159*365*0.45)*0.6 -> 24637.5 | P159: =(O159/I159)*100 -> 11.993136 | Q159: =I159/O159 -> 8.3381025
B160: LC-2 | C160: 558.5 | D160: 60 | E160: =D160*C160 -> 33510 | F160: Modern Flat-Roof | G160: 85 | H160: 2000 | I160: =H160*G160+E160 -> 203510 | J160: 5000 | K160: =(I160*0.1)-J160 -> 15351 | L160: =I160*0.2 -> 40702 | M160: =(I160-J160-K160-L160)/36 -> 3957.1389 | N160: 250 | O160: =(N160*365*0.45)*0.6 -> 24637.5 | P160: =(O160/I160)*100 -> 12.106285 | Q160: =I160/O160 -> 8.2601725
B161: LC-4 | C161: 408.2 | D161: 60 | E161: =D161*C161 -> 24492 | F161: A_55 (ეკონომ არჩევანი) | G161: 55 | H161: 2000 | I161: =H161*G161+E161 -> 134492 | J161: 5000 | K161: =(I161*0.1)-J161 -> 8449.2 | L161: =I161*0.2 -> 26898.4 | M161: =(I161-J161-K161-L161)/36 -> 2615.1222 | N161: 150 | O161: =(N161*365*0.45)*0.6 -> 14782.5 | P161: =(O161/I161)*100 -> 10.99136 | Q161: =I161/O161 -> 9.0980551
B162: LC-6 | C162: 399 | D162: 60 | E162: =D162*C162 -> 23940 | F162: A_55 (ეკონომ არჩევანი) | G162: 55 | H162: 2000 | I162: =H162*G162+E162 -> 133940 | J162: 5000 | K162: =(I162*0.1)-J162 -> 8394 | L162: =I162*0.2 -> 26788 | M162: =(I162-J162-K162-L162)/36 -> 2604.3889 | N162: 150 | O162: =(N162*365*0.45)*0.6 -> 14782.5 | P162: =(O162/I162)*100 -> 11.036658 | Q162: =I162/O162 -> 9.0607137
B163: LC-8 | C163: 389.8 | D163: 60 | E163: =D163*C163 -> 23388 | F163: A_55 (ეკონომ არჩევანი) | G163: 55 | H163: 2000 | I163: =H163*G163+E163 -> 133388 | J163: 5000 | K163: =(I163*0.1)-J163 -> 8338.8 | L163: =I163*0.2 -> 26677.6 | M163: =(I163-J163-K163-L163)/36 -> 2593.6556 | N163: 150 | O163: =(N163*365*0.45)*0.6 -> 14782.5 | P163: =(O163/I163)*100 -> 11.082331 | Q163: =I163/O163 -> 9.0233722
... B182: LD-14 | C182: 522 | D182: 80 | E182: =D182*C182 -> 41760 | F182: Modern Flat-Roof | G182: 85 | H182: 2000 | I182: =H182*G182+E182 -> 211760 | J182: 5000 | K182: =(I182*0.1)-J182 -> 16176 | L182: =I182*0.2 -> 42352 | M182: =(I182-J182-K182-L182)/36 -> 4117.5556 | N182: 200 | O182: =(N182*365*0.45)*0.6 -> 19710 | P182: =(O182/I182)*100 -> 9.3077068 | Q182: =I182/O182 -> 10.743785
